job_id,title,company,description,city,country,salary_min,salary_max,is_remote,url,source,fingerprint,salary_disclosed,skills_normalised,salary_band,seniority_level,skill_count,description_words,is_tech_company,title_len,has_python,has_pytorch,has_sql,has_llm,has_rag,has_docker,has_k8s,has_mlflow,has_fastapi,log_salary_min,salary_per_skill,remote_premium
demo_42_0000,Senior Data Scientist,DemoEmployer_0000,"Senior Data Scientist — Python, SQL, cloud. Team builds models and data products. Req id 0.",Singapore,IN,,202000.0,False,https://example.com/jobs/demo_42_0000,demo,82668653377584c73d45159e317b63e6,True,Python|SQL,,3,2,16,0,21,1,0,1,0,0,0,0,0,0,0.0,0.0,0
demo_42_0001,Senior Data Scientist,DemoEmployer_0001,"Senior Data Scientist — Python, SQL, cloud. Team builds models and data products. Req id 1.",New York,IN,,216000.0,False,https://example.com/jobs/demo_42_0001,demo,1f39045e9e6332716eff85a3f1d9f027,True,Python|SQL,,3,2,16,0,21,1,0,1,0,0,0,0,0,0,0.0,0.0,0
demo_42_0002,NLP Engineer,DemoEmployer_0002,"NLP Engineer — Python, SQL, cloud. Team builds models and data products. Req id 2.",Remote,IN,,211000.0,True,https://example.com/jobs/demo_42_0002,demo,439cf6feaf7a85be11f776887afb26d6,True,NLP|Python|SQL,,2,3,15,0,12,1,0,1,0,0,0,0,0,0,0.0,0.0,0
demo_42_0003,Backend Engineer,DemoEmployer_0003,"Backend Engineer — Python, SQL, cloud. Team builds models and data products. Req id 3.",Remote,IN,,211000.0,True,https://example.com/jobs/demo_42_0003,demo,9a66802e0952c09f1b25a073740b99c6,True,Python|SQL,,2,2,15,0,16,1,0,1,0,0,0,0,0,0,0.0,0.0,0
demo_42_0004,ML Engineer,DemoEmployer_0004,"ML Engineer — Python, SQL, cloud. Team builds models and data products. Req id 4.",Toronto,IN,,211000.0,False,https://example.com/jobs/demo_42_0004,demo,95d6070fb83f60667cafbaab645304a1,True,Python|SQL,,2,2,15,0,11,1,0,1,0,0,0,0,0,0,0.0,0.0,0
demo_42_0005,Analytics Engineer,DemoEmployer_0005,"Analytics Engineer — Python, SQL, cloud. Team builds models and data products. Req id 5.",Remote,IN,,211000.0,True,https://example.com/jobs/demo_42_0005,demo,daf32325c01114eae9be0b5761169912,True,Python|SQL,,2,2,15,0,18,1,0,1,0,0,0,0,0,0,0.0,0.0,0
demo_42_0006,Senior Data Scientist,DemoEmployer_0006,"Senior Data Scientist — Python, SQL, cloud. Team builds models and data products. Req id 6.",Remote,IN,,211000.0,True,https://example.com/jobs/demo_42_0006,demo,d0911d28cf4d12cc308495e6c74d0ef8,True,Python|SQL,,3,2,16,0,21,1,0,1,0,0,0,0,0,0,0.0,0.0,0
demo_42_0007,Backend Engineer,DemoEmployer_0007,"Backend Engineer — Python, SQL, cloud. Team builds models and data products. Req id 7.",Singapore,IN,,211000.0,False,https://example.com/jobs/demo_42_0007,demo,7eb86757f0e227c8b079db26a97f50a4,True,Python|SQL,,2,2,15,0,16,1,0,1,0,0,0,0,0,0,0.0,0.0,0
demo_42_0008,NLP Engineer,DemoEmployer_0008,"NLP Engineer — Python, SQL, cloud. Team builds models and data products. Req id 8.",Remote,IN,,206000.0,True,https://example.com/jobs/demo_42_0008,demo,6fb33280bb0abcb1acb4db2e4d848a03,True,NLP|Python|SQL,,2,3,15,0,12,1,0,1,0,0,0,0,0,0,0.0,0.0,0
demo_42_0009,NLP Engineer,DemoEmployer_0009,"NLP Engineer — Python, SQL, cloud. Team builds models and data products. Req id 9.",Singapore,IN,,211000.0,False,https://example.com/jobs/demo_42_0009,demo,579ffa7f4c546d09257683e0d440dbaa,True,NLP|Python|SQL,,2,3,15,0,12,1,0,1,0,0,0,0,0,0,0.0,0.0,0
demo_42_0010,Data Engineer,DemoEmployer_0010,"Data Engineer — Python, SQL, cloud. Team builds models and data products. Req id 10.",London,UK,,211000.0,False,https://example.com/jobs/demo_42_0010,demo,8e95247e939acbcc2097fdcca473c11a,True,Python|SQL,,2,2,15,0,13,1,0,1,0,0,0,0,0,0,0.0,0.0,0
demo_42_0011,Product Analyst,DemoEmployer_0011,"Product Analyst — Python, SQL, cloud. Team builds models and data products. Req id 11.",Remote,IN,,211000.0,True,https://example.com/jobs/demo_42_0011,demo,b7fad66ce67c8f1cb1adda6af0b961eb,True,Python|SQL,,2,2,15,0,15,1,0,1,0,0,0,0,0,0,0.0,0.0,0
demo_42_0012,Product Analyst,DemoEmployer_0012,"Product Analyst — Python, SQL, cloud. Team builds models and data products. Req id 12.",Bangalore,IN,,211000.0,False,https://example.com/jobs/demo_42_0012,demo,6ab72369c0e06728debb7271b31718be,True,Python|SQL,,2,2,15,0,15,1,0,1,0,0,0,0,0,0,0.0,0.0,0
demo_42_0013,Data Engineer,DemoEmployer_0013,"Data Engineer — Python, SQL, cloud. Team builds models and data products. Req id 13.",London,UK,,211000.0,False,https://example.com/jobs/demo_42_0013,demo,afbad904287417d97cd779fb0366781d,True,Python|SQL,,2,2,15,0,13,1,0,1,0,0,0,0,0,0,0.0,0.0,0
demo_42_0014,Analytics Engineer,DemoEmployer_0014,"Analytics Engineer — Python, SQL, cloud. Team builds models and data products. Req id 14.",New York,IN,,211000.0,False,https://example.com/jobs/demo_42_0014,demo,b5fdc03c9c0b109e1fb7a74dea38b992,True,Python|SQL,,2,2,15,0,18,1,0,1,0,0,0,0,0,0,0.0,0.0,0
demo_42_0015,NLP Engineer,DemoEmployer_0015,"NLP Engineer — Python, SQL, cloud. Team builds models and data products. Req id 15.",New York,IN,,211000.0,False,https://example.com/jobs/demo_42_0015,demo,fd2aeccfd012f5e18416c67783fb0601,True,NLP|Python|SQL,,2,3,15,0,12,1,0,1,0,0,0,0,0,0,0.0,0.0,0
demo_42_0016,Data Engineer,DemoEmployer_0016,"Data Engineer — Python, SQL, cloud. Team builds models and data products. Req id 16.",Singapore,IN,,211000.0,False,https://example.com/jobs/demo_42_0016,demo,caa786a0121fa2d2a6a7ec472880f346,True,Python|SQL,,2,2,15,0,13,1,0,1,0,0,0,0,0,0,0.0,0.0,0
demo_42_0017,ML Engineer,DemoEmployer_0017,"ML Engineer — Python, SQL, cloud. Team builds models and data products. Req id 17.",New York,IN,,211000.0,False,https://example.com/jobs/demo_42_0017,demo,aad6aad00ad6cb0d1ad89e1d8aafe5f4,True,Python|SQL,,2,2,15,0,11,1,0,1,0,0,0,0,0,0,0.0,0.0,0
demo_42_0018,Backend Engineer,DemoEmployer_0018,"Backend Engineer — Python, SQL, cloud. Team builds models and data products. Req id 18.",Remote,UK,,211000.0,True,https://example.com/jobs/demo_42_0018,demo,d9126f8ad1f024a54f810478d67fc3a7,True,Python|SQL,,2,2,15,0,16,1,0,1,0,0,0,0,0,0,0.0,0.0,0
demo_42_0019,Data Engineer,DemoEmployer_0019,"Data Engineer — Python, SQL, cloud. Team builds models and data products. Req id 19.",Remote,IN,,211000.0,True,https://example.com/jobs/demo_42_0019,demo,6489d5a90c516d7b9f7bd3c62e5f00cb,True,Python|SQL,,2,2,15,0,13,1,0,1,0,0,0,0,0,0,0.0,0.0,0
demo_42_0020,Analytics Engineer,DemoEmployer_0020,"Analytics Engineer — Python, SQL, cloud. Team builds models and data products. Req id 20.",Remote,IN,,211000.0,True,https://example.com/jobs/demo_42_0020,demo,6bab941f6338121d5dba5f7491885bac,True,Python|SQL,,2,2,15,0,18,1,0,1,0,0,0,0,0,0,0.0,0.0,0
demo_42_0021,ML Engineer,DemoEmployer_0021,"ML Engineer — Python, SQL, cloud. Team builds models and data products. Req id 21.",London,UK,,211000.0,False,https://example.com/jobs/demo_42_0021,demo,8d22997d46ebfb82972cd2af854645ca,True,Python|SQL,,2,2,15,0,11,1,0,1,0,0,0,0,0,0,0.0,0.0,0
demo_42_0022,Backend Engineer,DemoEmployer_0022,"Backend Engineer — Python, SQL, cloud. Team builds models and data products. Req id 22.",Remote,IN,,211000.0,True,https://example.com/jobs/demo_42_0022,demo,d5533cacd14d18ea0578b777fb1b0c15,True,Python|SQL,,2,2,15,0,16,1,0,1,0,0,0,0,0,0,0.0,0.0,0
demo_42_0023,Analytics Engineer,DemoEmployer_0023,"Analytics Engineer — Python, SQL, cloud. Team builds models and data products. Req id 23.",New York,IN,,211000.0,False,https://example.com/jobs/demo_42_0023,demo,080b80066f2fb3220fca955522d6d0e4,True,Python|SQL,,2,2,15,0,18,1,0,1,0,0,0,0,0,0,0.0,0.0,0
demo_42_0024,Backend Engineer,DemoEmployer_0024,"Backend Engineer — Python, SQL, cloud. Team builds models and data products. Req id 24.",Bangalore,IN,,211000.0,False,https://example.com/jobs/demo_42_0024,demo,d2c181d0f726ae1906338f1c717fb747,True,Python|SQL,,2,2,15,0,16,1,0,1,0,0,0,0,0,0,0.0,0.0,0
demo_42_0025,Product Analyst,DemoEmployer_0025,"Product Analyst — Python, SQL, cloud. Team builds models and data products. Req id 25.",Berlin,DE,,201000.0,False,https://example.com/jobs/demo_42_0025,demo,519fc30b344feb3c7aa791fc1a2e3e65,True,Python|SQL,,2,2,15,0,15,1,0,1,0,0,0,0,0,0,0.0,0.0,0
demo_42_0026,Senior Data Scientist,DemoEmployer_0026,"Senior Data Scientist — Python, SQL, cloud. Team builds models and data products. Req id 26.",Berlin,DE,,211000.0,False,https://example.com/jobs/demo_42_0026,demo,d17a1412b28dfb3183832dc90e59a68d,True,Python|SQL,,3,2,16,0,21,1,0,1,0,0,0,0,0,0,0.0,0.0,0
demo_42_0027,Product Analyst,DemoEmployer_0027,"Product Analyst — Python, SQL, cloud. Team builds models and data products. Req id 27.",Bangalore,IN,,211000.0,False,https://example.com/jobs/demo_42_0027,demo,dfe6414bccb39538f214862f88da6a7f,True,Python|SQL,,2,2,15,0,15,1,0,1,0,0,0,0,0,0,0.0,0.0,0
demo_42_0028,Analytics Engineer,DemoEmployer_0028,"Analytics Engineer — Python, SQL, cloud. Team builds models and data products. Req id 28.",Singapore,IN,,211000.0,False,https://example.com/jobs/demo_42_0028,demo,0b299b97405d0c66f9b676d27f503b45,True,Python|SQL,,2,2,15,0,18,1,0,1,0,0,0,0,0,0,0.0,0.0,0
demo_42_0029,Data Engineer,DemoEmployer_0029,"Data Engineer — Python, SQL, cloud. Team builds models and data products. Req id 29.",Singapore,IN,,211000.0,False,https://example.com/jobs/demo_42_0029,demo,e0696ccad622588ec820920799ed7063,True,Python|SQL,,2,2,15,0,13,1,0,1,0,0,0,0,0,0,0.0,0.0,0
demo_42_0030,Senior Data Scientist,DemoEmployer_0030,"Senior Data Scientist — Python, SQL, cloud. Team builds models and data products. Req id 30.",Remote,UK,,211000.0,True,https://example.com/jobs/demo_42_0030,demo,b440323933757d77f81a34370e20c108,True,Python|SQL,,3,2,16,0,21,1,0,1,0,0,0,0,0,0,0.0,0.0,0
demo_42_0031,NLP Engineer,DemoEmployer_0031,"NLP Engineer — Python, SQL, cloud. Team builds models and data products. Req id 31.",Berlin,DE,,211000.0,False,https://example.com/jobs/demo_42_0031,demo,db42ebf2f8a5d409ec5549a3e3f10805,True,NLP|Python|SQL,,2,3,15,0,12,1,0,1,0,0,0,0,0,0,0.0,0.0,0
demo_42_0032,Data Engineer,DemoEmployer_0032,"Data Engineer — Python, SQL, cloud. Team builds models and data products. Req id 32.",New York,IN,,211000.0,False,https://example.com/jobs/demo_42_0032,demo,99d026fe60df5884e7403a56a6eecd1c,True,Python|SQL,,2,2,15,0,13,1,0,1,0,0,0,0,0,0,0.0,0.0,0
demo_42_0033,ML Engineer,DemoEmployer_0033,"ML Engineer — Python, SQL, cloud. Team builds models and data products. Req id 33.",Bangalore,IN,,211000.0,False,https://example.com/jobs/demo_42_0033,demo,194f4badb4e5c5724c663d69aa947999,True,Python|SQL,,2,2,15,0,11,1,0,1,0,0,0,0,0,0,0.0,0.0,0
demo_42_0034,Product Analyst,DemoEmployer_0034,"Product Analyst — Python, SQL, cloud. Team builds models and data products. Req id 34.",London,UK,,215000.0,False,https://example.com/jobs/demo_42_0034,demo,e357061682a58faca6d439806725e6b7,True,Python|SQL,,2,2,15,0,15,1,0,1,0,0,0,0,0,0,0.0,0.0,0
demo_42_0035,Mlops Engineer,DemoEmployer_0035,"MLOps Engineer — Python, SQL, cloud. Team builds models and data products. Req id 35.",Toronto,IN,,211000.0,False,https://example.com/jobs/demo_42_0035,demo,d9b67089d70ebb7eba3b623b96788451,True,Python|SQL,,2,2,15,0,14,1,0,1,0,0,0,0,0,0,0.0,0.0,0
demo_42_0036,Backend Engineer,DemoEmployer_0036,"Backend Engineer — Python, SQL, cloud. Team builds models and data products. Req id 36.",Remote,IN,,211000.0,True,https://example.com/jobs/demo_42_0036,demo,87625f6ac067cd3d7f1050f4effa9693,True,Python|SQL,,2,2,15,0,16,1,0,1,0,0,0,0,0,0,0.0,0.0,0
demo_42_0037,Backend Engineer,DemoEmployer_0037,"Backend Engineer — Python, SQL, cloud. Team builds models and data products. Req id 37.",Remote,IN,,211000.0,True,https://example.com/jobs/demo_42_0037,demo,0fabd4b3e1be1d7cf77ad61841088cae,True,Python|SQL,,2,2,15,0,16,1,0,1,0,0,0,0,0,0,0.0,0.0,0
demo_42_0038,Senior Data Scientist,DemoEmployer_0038,"Senior Data Scientist — Python, SQL, cloud. Team builds models and data products. Req id 38.",Remote,UK,,211000.0,True,https://example.com/jobs/demo_42_0038,demo,4584ae03274c9a72de75521bb78e177e,True,Python|SQL,,3,2,16,0,21,1,0,1,0,0,0,0,0,0,0.0,0.0,0
demo_42_0039,NLP Engineer,DemoEmployer_0039,"NLP Engineer — Python, SQL, cloud. Team builds models and data products. Req id 39.",Berlin,DE,,211000.0,False,https://example.com/jobs/demo_42_0039,demo,89892549a983e7b7b9a3bd1e9487faba,True,NLP|Python|SQL,,2,3,15,0,12,1,0,1,0,0,0,0,0,0,0.0,0.0,0
demo_42_0040,Analytics Engineer,DemoEmployer_0040,"Analytics Engineer — Python, SQL, cloud. Team builds models and data products. Req id 40.",Remote,DE,,211000.0,True,https://example.com/jobs/demo_42_0040,demo,79e8c33bc05e6e567161c954635b4bfb,True,Python|SQL,,2,2,15,0,18,1,0,1,0,0,0,0,0,0,0.0,0.0,0
demo_42_0041,Data Engineer,DemoEmployer_0041,"Data Engineer — Python, SQL, cloud. Team builds models and data products. Req id 41.",Singapore,IN,,211000.0,False,https://example.com/jobs/demo_42_0041,demo,3bd75a964c7a2a10fb8aa14424578eaf,True,Python|SQL,,2,2,15,0,13,1,0,1,0,0,0,0,0,0,0.0,0.0,0
demo_42_0042,ML Engineer,DemoEmployer_0042,"ML Engineer — Python, SQL, cloud. Team builds models and data products. Req id 42.",New York,IN,,211000.0,False,https://example.com/jobs/demo_42_0042,demo,09d3abd5ffd4cb4f83ee049313c0c7d7,True,Python|SQL,,2,2,15,0,11,1,0,1,0,0,0,0,0,0,0.0,0.0,0
demo_42_0043,Backend Engineer,DemoEmployer_0043,"Backend Engineer — Python, SQL, cloud. Team builds models and data products. Req id 43.",Bangalore,IN,,211000.0,False,https://example.com/jobs/demo_42_0043,demo,8a0e358809bd09ffe03bdfb86ffa715e,True,Python|SQL,,2,2,15,0,16,1,0,1,0,0,0,0,0,0,0.0,0.0,0
demo_42_0044,ML Engineer,DemoEmployer_0044,"ML Engineer — Python, SQL, cloud. Team builds models and data products. Req id 44.",Bangalore,IN,,211000.0,False,https://example.com/jobs/demo_42_0044,demo,e62333b47844dbcab7ece3b912f54de6,True,Python|SQL,,2,2,15,0,11,1,0,1,0,0,0,0,0,0,0.0,0.0,0
demo_42_0045,ML Engineer,DemoEmployer_0045,"ML Engineer — Python, SQL, cloud. Team builds models and data products. Req id 45.",New York,IN,,210000.0,False,https://example.com/jobs/demo_42_0045,demo,dc2ef43e07e91c9ed097500ed1b9e753,True,Python|SQL,,2,2,15,0,11,1,0,1,0,0,0,0,0,0,0.0,0.0,0
demo_42_0046,Product Analyst,DemoEmployer_0046,"Product Analyst — Python, SQL, cloud. Team builds models and data products. Req id 46.",New York,IN,,211000.0,False,https://example.com/jobs/demo_42_0046,demo,31aea94115a55a9a2bfb98fd8be1c300,True,Python|SQL,,2,2,15,0,15,1,0,1,0,0,0,0,0,0,0.0,0.0,0
demo_42_0047,Mlops Engineer,DemoEmployer_0047,"MLOps Engineer — Python, SQL, cloud. Team builds models and data products. Req id 47.",Remote,UK,,211000.0,True,https://example.com/jobs/demo_42_0047,demo,b4aec2ae05ba832d9a86fedb07abc451,True,Python|SQL,,2,2,15,0,14,1,0,1,0,0,0,0,0,0,0.0,0.0,0
demo_42_0048,Data Engineer,DemoEmployer_0048,"Data Engineer — Python, SQL, cloud. Team builds models and data products. Req id 48.",Singapore,IN,,211000.0,False,https://example.com/jobs/demo_42_0048,demo,4b8c15a2c7b2452ff4034d8e440d02f6,True,Python|SQL,,2,2,15,0,13,1,0,1,0,0,0,0,0,0,0.0,0.0,0
demo_42_0049,NLP Engineer,DemoEmployer_0049,"NLP Engineer — Python, SQL, cloud. Team builds models and data products. Req id 49.",Remote,IN,,212000.0,True,https://example.com/jobs/demo_42_0049,demo,818d02ea293d9dae71082428bacc7fc8,True,NLP|Python|SQL,,2,3,15,0,12,1,0,1,0,0,0,0,0,0,0.0,0.0,0
demo_42_0050,ML Engineer,DemoEmployer_0050,"ML Engineer — Python, SQL, cloud. Team builds models and data products. Req id 50.",New York,IN,,211000.0,False,https://example.com/jobs/demo_42_0050,demo,4f6c7965236ba2b39600c2f3e457e18d,True,Python|SQL,,2,2,15,0,11,1,0,1,0,0,0,0,0,0,0.0,0.0,0
demo_42_0051,Product Analyst,DemoEmployer_0051,"Product Analyst — Python, SQL, cloud. Team builds models and data products. Req id 51.",Bangalore,IN,,211000.0,False,https://example.com/jobs/demo_42_0051,demo,194caac127f7c9d02141fd6bba81e48c,True,Python|SQL,,2,2,15,0,15,1,0,1,0,0,0,0,0,0,0.0,0.0,0
demo_42_0052,Mlops Engineer,DemoEmployer_0052,"MLOps Engineer — Python, SQL, cloud. Team builds models and data products. Req id 52.",Remote,UK,,207000.0,True,https://example.com/jobs/demo_42_0052,demo,fe22fbfd4b15664766dfe144fd9e208c,True,Python|SQL,,2,2,15,0,14,1,0,1,0,0,0,0,0,0,0.0,0.0,0
demo_42_0053,Analytics Engineer,DemoEmployer_0053,"Analytics Engineer — Python, SQL, cloud. Team builds models and data products. Req id 53.",London,UK,,211000.0,False,https://example.com/jobs/demo_42_0053,demo,59138ac3920d056988a7daba968e73d5,True,Python|SQL,,2,2,15,0,18,1,0,1,0,0,0,0,0,0,0.0,0.0,0
demo_42_0054,NLP Engineer,DemoEmployer_0054,"NLP Engineer — Python, SQL, cloud. Team builds models and data products. Req id 54.",New York,IN,,211000.0,False,https://example.com/jobs/demo_42_0054,demo,1476c67b171ebef5578e1ef414453737,True,NLP|Python|SQL,,2,3,15,0,12,1,0,1,0,0,0,0,0,0,0.0,0.0,0
demo_42_0055,NLP Engineer,DemoEmployer_0055,"NLP Engineer — Python, SQL, cloud. Team builds models and data products. Req id 55.",Remote,IN,,211000.0,True,https://example.com/jobs/demo_42_0055,demo,a01fde6c215922e8a132b294290097d9,True,NLP|Python|SQL,,2,3,15,0,12,1,0,1,0,0,0,0,0,0,0.0,0.0,0
demo_42_0056,Analytics Engineer,DemoEmployer_0056,"Analytics Engineer — Python, SQL, cloud. Team builds models and data products. Req id 56.",Toronto,IN,,211000.0,False,https://example.com/jobs/demo_42_0056,demo,1a519da98b2f0dde2f70555d05ead743,True,Python|SQL,,2,2,15,0,18,1,0,1,0,0,0,0,0,0,0.0,0.0,0
demo_42_0057,ML Engineer,DemoEmployer_0057,"ML Engineer — Python, SQL, cloud. Team builds models and data products. Req id 57.",Remote,IN,,211000.0,True,https://example.com/jobs/demo_42_0057,demo,b4de1a1d5a238fd012f1213d30618ab6,True,Python|SQL,,2,2,15,0,11,1,0,1,0,0,0,0,0,0,0.0,0.0,0
demo_42_0058,Mlops Engineer,DemoEmployer_0058,"MLOps Engineer — Python, SQL, cloud. Team builds models and data products. Req id 58.",Remote,IN,,211000.0,True,https://example.com/jobs/demo_42_0058,demo,60fa80b3dab5afacab264e6c7916c35e,True,Python|SQL,,2,2,15,0,14,1,0,1,0,0,0,0,0,0,0.0,0.0,0
demo_42_0059,ML Engineer,DemoEmployer_0059,"ML Engineer — Python, SQL, cloud. Team builds models and data products. Req id 59.",Toronto,IN,,211000.0,False,https://example.com/jobs/demo_42_0059,demo,7957d7118e7b6609f10ada5142c94c38,True,Python|SQL,,2,2,15,0,11,1,0,1,0,0,0,0,0,0,0.0,0.0,0
demo_42_0060,Product Analyst,DemoEmployer_0060,"Product Analyst — Python, SQL, cloud. Team builds models and data products. Req id 60.",Remote,DE,,211000.0,True,https://example.com/jobs/demo_42_0060,demo,3d425d128fe7422306a7af9706f05606,True,Python|SQL,,2,2,15,0,15,1,0,1,0,0,0,0,0,0,0.0,0.0,0
demo_42_0061,Analytics Engineer,DemoEmployer_0061,"Analytics Engineer — Python, SQL, cloud. Team builds models and data products. Req id 61.",London,UK,,219000.0,False,https://example.com/jobs/demo_42_0061,demo,7d89981bc74c14247598de8a5018244b,True,Python|SQL,,2,2,15,0,18,1,0,1,0,0,0,0,0,0,0.0,0.0,0
demo_42_0062,ML Engineer,DemoEmployer_0062,"ML Engineer — Python, SQL, cloud. Team builds models and data products. Req id 62.",Remote,IN,,206000.0,True,https://example.com/jobs/demo_42_0062,demo,e4879170bcadf0dd1d24936b5424b459,True,Python|SQL,,2,2,15,0,11,1,0,1,0,0,0,0,0,0,0.0,0.0,0
demo_42_0063,ML Engineer,DemoEmployer_0063,"ML Engineer — Python, SQL, cloud. Team builds models and data products. Req id 63.",Toronto,IN,,211000.0,False,https://example.com/jobs/demo_42_0063,demo,93890e06984c443f77a67b1a841b6986,True,Python|SQL,,2,2,15,0,11,1,0,1,0,0,0,0,0,0,0.0,0.0,0
demo_42_0064,Senior Data Scientist,DemoEmployer_0064,"Senior Data Scientist — Python, SQL, cloud. Team builds models and data products. Req id 64.",Singapore,IN,,211000.0,False,https://example.com/jobs/demo_42_0064,demo,d8843849d630e7b233886e4664883384,True,Python|SQL,,3,2,16,0,21,1,0,1,0,0,0,0,0,0,0.0,0.0,0
demo_42_0065,Product Analyst,DemoEmployer_0065,"Product Analyst — Python, SQL, cloud. Team builds models and data products. Req id 65.",Remote,UK,,211000.0,True,https://example.com/jobs/demo_42_0065,demo,cd3660e1b548f86efdf676f6e4ef366c,True,Python|SQL,,2,2,15,0,15,1,0,1,0,0,0,0,0,0,0.0,0.0,0
demo_42_0066,Senior Data Scientist,DemoEmployer_0066,"Senior Data Scientist — Python, SQL, cloud. Team builds models and data products. Req id 66.",Toronto,IN,,211000.0,False,https://example.com/jobs/demo_42_0066,demo,19838311dbe1bfdf033575bb19528e23,True,Python|SQL,,3,2,16,0,21,1,0,1,0,0,0,0,0,0,0.0,0.0,0
demo_42_0067,Senior Data Scientist,DemoEmployer_0067,"Senior Data Scientist — Python, SQL, cloud. Team builds models and data products. Req id 67.",Singapore,IN,,211000.0,False,https://example.com/jobs/demo_42_0067,demo,9fb85fc2aca6c8edce6dd45b0e1b981d,True,Python|SQL,,3,2,16,0,21,1,0,1,0,0,0,0,0,0,0.0,0.0,0
demo_42_0068,Mlops Engineer,DemoEmployer_0068,"MLOps Engineer — Python, SQL, cloud. Team builds models and data products. Req id 68.",Remote,IN,,211000.0,True,https://example.com/jobs/demo_42_0068,demo,bb22e9322b5c01ba56abb85e3f8b78dd,True,Python|SQL,,2,2,15,0,14,1,0,1,0,0,0,0,0,0,0.0,0.0,0
demo_42_0069,Mlops Engineer,DemoEmployer_0069,"MLOps Engineer — Python, SQL, cloud. Team builds models and data products. Req id 69.",Remote,IN,,216000.0,True,https://example.com/jobs/demo_42_0069,demo,fa409dd1a641c26f0165099b60e0020b,True,Python|SQL,,2,2,15,0,14,1,0,1,0,0,0,0,0,0,0.0,0.0,0
demo_42_0070,Data Engineer,DemoEmployer_0070,"Data Engineer — Python, SQL, cloud. Team builds models and data products. Req id 70.",Remote,IN,,211000.0,True,https://example.com/jobs/demo_42_0070,demo,aa60da3c379d682400e9d928aa5e4896,True,Python|SQL,,2,2,15,0,13,1,0,1,0,0,0,0,0,0,0.0,0.0,0
demo_42_0071,Product Analyst,DemoEmployer_0071,"Product Analyst — Python, SQL, cloud. Team builds models and data products. Req id 71.",London,UK,,211000.0,False,https://example.com/jobs/demo_42_0071,demo,bb9ea933ae02b24d44298115a07692b0,True,Python|SQL,,2,2,15,0,15,1,0,1,0,0,0,0,0,0,0.0,0.0,0
demo_42_0072,Senior Data Scientist,DemoEmployer_0072,"Senior Data Scientist — Python, SQL, cloud. Team builds models and data products. Req id 72.",New York,IN,,211000.0,False,https://example.com/jobs/demo_42_0072,demo,c35cc0a7bd0434d98f59a9c8db4f5b47,True,Python|SQL,,3,2,16,0,21,1,0,1,0,0,0,0,0,0,0.0,0.0,0
demo_42_0073,Product Analyst,DemoEmployer_0073,"Product Analyst — Python, SQL, cloud. Team builds models and data products. Req id 73.",New York,IN,,211000.0,False,https://example.com/jobs/demo_42_0073,demo,bf2322cd127d8558e8d46cd38b709c25,True,Python|SQL,,2,2,15,0,15,1,0,1,0,0,0,0,0,0,0.0,0.0,0
demo_42_0074,Backend Engineer,DemoEmployer_0074,"Backend Engineer — Python, SQL, cloud. Team builds models and data products. Req id 74.",Singapore,IN,,211000.0,False,https://example.com/jobs/demo_42_0074,demo,44a7842ced93ec94c661db2f9bf43a8a,True,Python|SQL,,2,2,15,0,16,1,0,1,0,0,0,0,0,0,0.0,0.0,0
demo_42_0075,Backend Engineer,DemoEmployer_0075,"Backend Engineer — Python, SQL, cloud. Team builds models and data products. Req id 75.",London,UK,,210000.0,False,https://example.com/jobs/demo_42_0075,demo,f843535b76aaa0b2544c4102e4d34b16,True,Python|SQL,,2,2,15,0,16,1,0,1,0,0,0,0,0,0,0.0,0.0,0
demo_42_0076,Senior Data Scientist,DemoEmployer_0076,"Senior Data Scientist — Python, SQL, cloud. Team builds models and data products. Req id 76.",Bangalore,IN,,211000.0,False,https://example.com/jobs/demo_42_0076,demo,54e8e68555b9b15a9ffd04290f01b1e1,True,Python|SQL,,3,2,16,0,21,1,0,1,0,0,0,0,0,0,0.0,0.0,0
demo_42_0077,Analytics Engineer,DemoEmployer_0077,"Analytics Engineer — Python, SQL, cloud. Team builds models and data products. Req id 77.",Remote,IN,,211000.0,True,https://example.com/jobs/demo_42_0077,demo,b17c617373fb74f268d4dfddeb5efac0,True,Python|SQL,,2,2,15,0,18,1,0,1,0,0,0,0,0,0,0.0,0.0,0
demo_42_0078,Product Analyst,DemoEmployer_0078,"Product Analyst — Python, SQL, cloud. Team builds models and data products. Req id 78.",Toronto,IN,,211000.0,False,https://example.com/jobs/demo_42_0078,demo,27dcab2a81e33958de00280422d84d29,True,Python|SQL,,2,2,15,0,15,1,0,1,0,0,0,0,0,0,0.0,0.0,0
demo_42_0079,ML Engineer,DemoEmployer_0079,"ML Engineer — Python, SQL, cloud. Team builds models and data products. Req id 79.",New York,IN,,211000.0,False,https://example.com/jobs/demo_42_0079,demo,eb0871fb259522919eeff5c80b5a7ed3,True,Python|SQL,,2,2,15,0,11,1,0,1,0,0,0,0,0,0,0.0,0.0,0
demo_42_0080,NLP Engineer,DemoEmployer_0080,"NLP Engineer — Python, SQL, cloud. Team builds models and data products. Req id 80.",Remote,IN,,211000.0,True,https://example.com/jobs/demo_42_0080,demo,3fc0e9f654fe7a6fa4a0a4471e59f0f5,True,NLP|Python|SQL,,2,3,15,0,12,1,0,1,0,0,0,0,0,0,0.0,0.0,0
demo_42_0081,ML Engineer,DemoEmployer_0081,"ML Engineer — Python, SQL, cloud. Team builds models and data products. Req id 81.",Remote,IN,,211000.0,True,https://example.com/jobs/demo_42_0081,demo,7e385cd7821b9ff2d60ea407318f8e0c,True,Python|SQL,,2,2,15,0,11,1,0,1,0,0,0,0,0,0,0.0,0.0,0
demo_42_0082,NLP Engineer,DemoEmployer_0082,"NLP Engineer — Python, SQL, cloud. Team builds models and data products. Req id 82.",Singapore,IN,,211000.0,False,https://example.com/jobs/demo_42_0082,demo,0c4c34c26e13074dca25c6b610d8962f,True,NLP|Python|SQL,,2,3,15,0,12,1,0,1,0,0,0,0,0,0,0.0,0.0,0
demo_42_0083,Mlops Engineer,DemoEmployer_0083,"MLOps Engineer — Python, SQL, cloud. Team builds models and data products. Req id 83.",Remote,IN,,211000.0,True,https://example.com/jobs/demo_42_0083,demo,2145092d917d2955fadea87307f01c2d,True,Python|SQL,,2,2,15,0,14,1,0,1,0,0,0,0,0,0,0.0,0.0,0
demo_42_0084,Mlops Engineer,DemoEmployer_0084,"MLOps Engineer — Python, SQL, cloud. Team builds models and data products. Req id 84.",Remote,IN,,211000.0,True,https://example.com/jobs/demo_42_0084,demo,c5068db4baaff8029ed15f2d5a0abc7a,True,Python|SQL,,2,2,15,0,14,1,0,1,0,0,0,0,0,0,0.0,0.0,0
demo_42_0085,Product Analyst,DemoEmployer_0085,"Product Analyst — Python, SQL, cloud. Team builds models and data products. Req id 85.",Toronto,IN,,211000.0,False,https://example.com/jobs/demo_42_0085,demo,5fdd6ce8e5ece7d25d9eed263ff867ed,True,Python|SQL,,2,2,15,0,15,1,0,1,0,0,0,0,0,0,0.0,0.0,0
demo_42_0086,Senior Data Scientist,DemoEmployer_0086,"Senior Data Scientist — Python, SQL, cloud. Team builds models and data products. Req id 86.",Bangalore,IN,,211000.0,False,https://example.com/jobs/demo_42_0086,demo,bf1a9cb8459db89a25a08dc484fb3a4c,True,Python|SQL,,3,2,16,0,21,1,0,1,0,0,0,0,0,0,0.0,0.0,0
demo_42_0087,Product Analyst,DemoEmployer_0087,"Product Analyst — Python, SQL, cloud. Team builds models and data products. Req id 87.",Toronto,IN,,211000.0,False,https://example.com/jobs/demo_42_0087,demo,0a8387b0d8f52e4b27dbf9668867940a,True,Python|SQL,,2,2,15,0,15,1,0,1,0,0,0,0,0,0,0.0,0.0,0
demo_42_0088,Mlops Engineer,DemoEmployer_0088,"MLOps Engineer — Python, SQL, cloud. Team builds models and data products. Req id 88.",Remote,DE,,211000.0,True,https://example.com/jobs/demo_42_0088,demo,82c88b84f8c05ca02652f7cbc81295f6,True,Python|SQL,,2,2,15,0,14,1,0,1,0,0,0,0,0,0,0.0,0.0,0
demo_42_0089,Product Analyst,DemoEmployer_0089,"Product Analyst — Python, SQL, cloud. Team builds models and data products. Req id 89.",London,UK,,211000.0,False,https://example.com/jobs/demo_42_0089,demo,2411f41781a8610fcbd90fe37c6b617d,True,Python|SQL,,2,2,15,0,15,1,0,1,0,0,0,0,0,0,0.0,0.0,0
demo_42_0090,Mlops Engineer,DemoEmployer_0090,"MLOps Engineer — Python, SQL, cloud. Team builds models and data products. Req id 90.",Remote,DE,,211000.0,True,https://example.com/jobs/demo_42_0090,demo,e987da5bf9e27477d1caea370109e112,True,Python|SQL,,2,2,15,0,14,1,0,1,0,0,0,0,0,0,0.0,0.0,0
demo_42_0091,Product Analyst,DemoEmployer_0091,"Product Analyst — Python, SQL, cloud. Team builds models and data products. Req id 91.",Remote,DE,,211000.0,True,https://example.com/jobs/demo_42_0091,demo,b97cace8b5f56831483801543fd632fe,True,Python|SQL,,2,2,15,0,15,1,0,1,0,0,0,0,0,0,0.0,0.0,0
demo_42_0092,ML Engineer,DemoEmployer_0092,"ML Engineer — Python, SQL, cloud. Team builds models and data products. Req id 92.",Berlin,DE,,211000.0,False,https://example.com/jobs/demo_42_0092,demo,4f90a77887885c381830fd3dd66b18e1,True,Python|SQL,,2,2,15,0,11,1,0,1,0,0,0,0,0,0,0.0,0.0,0
demo_42_0093,Analytics Engineer,DemoEmployer_0093,"Analytics Engineer — Python, SQL, cloud. Team builds models and data products. Req id 93.",London,UK,,211000.0,False,https://example.com/jobs/demo_42_0093,demo,df86545810050df88295d9cfa2174a43,True,Python|SQL,,2,2,15,0,18,1,0,1,0,0,0,0,0,0,0.0,0.0,0
demo_42_0094,Backend Engineer,DemoEmployer_0094,"Backend Engineer — Python, SQL, cloud. Team builds models and data products. Req id 94.",London,UK,,211000.0,False,https://example.com/jobs/demo_42_0094,demo,950c304fc3ed9570f3460503333af01e,True,Python|SQL,,2,2,15,0,16,1,0,1,0,0,0,0,0,0,0.0,0.0,0
demo_42_0095,Backend Engineer,DemoEmployer_0095,"Backend Engineer — Python, SQL, cloud. Team builds models and data products. Req id 95.",Bangalore,IN,,211000.0,False,https://example.com/jobs/demo_42_0095,demo,0dcaba104395a8e2f1a2b0b7b0fdbb5c,True,Python|SQL,,2,2,15,0,16,1,0,1,0,0,0,0,0,0,0.0,0.0,0
demo_42_0096,NLP Engineer,DemoEmployer_0096,"NLP Engineer — Python, SQL, cloud. Team builds models and data products. Req id 96.",Remote,IN,,211000.0,True,https://example.com/jobs/demo_42_0096,demo,c50d8157ef925f94f25cdd9c68c68e7b,True,NLP|Python|SQL,,2,3,15,0,12,1,0,1,0,0,0,0,0,0,0.0,0.0,0
demo_42_0097,Data Engineer,DemoEmployer_0097,"Data Engineer — Python, SQL, cloud. Team builds models and data products. Req id 97.",Berlin,DE,,211000.0,False,https://example.com/jobs/demo_42_0097,demo,8043b2173d8e95a9852499f1f77e6af5,True,Python|SQL,,2,2,15,0,13,1,0,1,0,0,0,0,0,0,0.0,0.0,0
demo_42_0098,NLP Engineer,DemoEmployer_0098,"NLP Engineer — Python, SQL, cloud. Team builds models and data products. Req id 98.",Remote,IN,,211000.0,True,https://example.com/jobs/demo_42_0098,demo,5b3ee647545ecb2a9df2972f725756b1,True,NLP|Python|SQL,,2,3,15,0,12,1,0,1,0,0,0,0,0,0,0.0,0.0,0
demo_42_0099,Mlops Engineer,DemoEmployer_0099,"MLOps Engineer — Python, SQL, cloud. Team builds models and data products. Req id 99.",London,UK,,211000.0,False,https://example.com/jobs/demo_42_0099,demo,84ebdc6e426cd5a564fa7b28189634d2,True,Python|SQL,,2,2,15,0,14,1,0,1,0,0,0,0,0,0,0.0,0.0,0
demo_42_0100,Product Analyst,DemoEmployer_0100,"Product Analyst — Python, SQL, cloud. Team builds models and data products. Req id 100.",Remote,UK,,211000.0,True,https://example.com/jobs/demo_42_0100,demo,baae89d487d9715df50f75d2467c7e4a,True,Python|SQL,,2,2,15,0,15,1,0,1,0,0,0,0,0,0,0.0,0.0,0
demo_42_0101,Data Engineer,DemoEmployer_0101,"Data Engineer — Python, SQL, cloud. Team builds models and data products. Req id 101.",Toronto,IN,,200000.0,False,https://example.com/jobs/demo_42_0101,demo,53807ed6c9670dae9e35c45db14f39c1,True,Python|SQL,,2,2,15,0,13,1,0,1,0,0,0,0,0,0,0.0,0.0,0
demo_42_0102,Backend Engineer,DemoEmployer_0102,"Backend Engineer — Python, SQL, cloud. Team builds models and data products. Req id 102.",Remote,IN,,211000.0,True,https://example.com/jobs/demo_42_0102,demo,19daf7148fffa6d740657d78a9a9fc8b,True,Python|SQL,,2,2,15,0,16,1,0,1,0,0,0,0,0,0,0.0,0.0,0
demo_42_0103,Analytics Engineer,DemoEmployer_0103,"Analytics Engineer — Python, SQL, cloud. Team builds models and data products. Req id 103.",Singapore,IN,,211000.0,False,https://example.com/jobs/demo_42_0103,demo,096d93169a06c07334db3d368c73a271,True,Python|SQL,,2,2,15,0,18,1,0,1,0,0,0,0,0,0,0.0,0.0,0
demo_42_0104,NLP Engineer,DemoEmployer_0104,"NLP Engineer — Python, SQL, cloud. Team builds models and data products. Req id 104.",London,UK,,211000.0,False,https://example.com/jobs/demo_42_0104,demo,0cd57fe93dddc58c90fc3270788577a8,True,NLP|Python|SQL,,2,3,15,0,12,1,0,1,0,0,0,0,0,0,0.0,0.0,0
demo_42_0105,Product Analyst,DemoEmployer_0105,"Product Analyst — Python, SQL, cloud. Team builds models and data products. Req id 105.",Toronto,IN,,211000.0,False,https://example.com/jobs/demo_42_0105,demo,cee782d345c19781065743b1f1467665,True,Python|SQL,,2,2,15,0,15,1,0,1,0,0,0,0,0,0,0.0,0.0,0
demo_42_0106,NLP Engineer,DemoEmployer_0106,"NLP Engineer — Python, SQL, cloud. Team builds models and data products. Req id 106.",New York,IN,,211000.0,False,https://example.com/jobs/demo_42_0106,demo,1ff040083386564bea9d7110ab79d1f9,True,NLP|Python|SQL,,2,3,15,0,12,1,0,1,0,0,0,0,0,0,0.0,0.0,0
demo_42_0107,Data Engineer,DemoEmployer_0107,"Data Engineer — Python, SQL, cloud. Team builds models and data products. Req id 107.",Remote,IN,,211000.0,True,https://example.com/jobs/demo_42_0107,demo,69b871dcf35cef0d463ac3c8868faa03,True,Python|SQL,,2,2,15,0,13,1,0,1,0,0,0,0,0,0,0.0,0.0,0
demo_42_0108,Analytics Engineer,DemoEmployer_0108,"Analytics Engineer — Python, SQL, cloud. Team builds models and data products. Req id 108.",Berlin,DE,,211000.0,False,https://example.com/jobs/demo_42_0108,demo,0a0694c41349bb2e3e1c6c3520d65880,True,Python|SQL,,2,2,15,0,18,1,0,1,0,0,0,0,0,0,0.0,0.0,0
demo_42_0109,NLP Engineer,DemoEmployer_0109,"NLP Engineer — Python, SQL, cloud. Team builds models and data products. Req id 109.",Bangalore,IN,,211000.0,False,https://example.com/jobs/demo_42_0109,demo,bf955a2c7478a4e79191864a31999b68,True,NLP|Python|SQL,,2,3,15,0,12,1,0,1,0,0,0,0,0,0,0.0,0.0,0
demo_42_0110,ML Engineer,DemoEmployer_0110,"ML Engineer — Python, SQL, cloud. Team builds models and data products. Req id 110.",Remote,IN,,209000.0,True,https://example.com/jobs/demo_42_0110,demo,7801af6386763f48148cd05db6703585,True,Python|SQL,,2,2,15,0,11,1,0,1,0,0,0,0,0,0,0.0,0.0,0
demo_42_0111,Backend Engineer,DemoEmployer_0111,"Backend Engineer — Python, SQL, cloud. Team builds models and data products. Req id 111.",Remote,IN,,211000.0,True,https://example.com/jobs/demo_42_0111,demo,6b65a459b3450df1248be4c96a2d5816,True,Python|SQL,,2,2,15,0,16,1,0,1,0,0,0,0,0,0,0.0,0.0,0
demo_42_0112,Data Engineer,DemoEmployer_0112,"Data Engineer — Python, SQL, cloud. Team builds models and data products. Req id 112.",Remote,IN,,201000.0,True,https://example.com/jobs/demo_42_0112,demo,948f0f2fb5b76d33b30f24059a73ddea,True,Python|SQL,,2,2,15,0,13,1,0,1,0,0,0,0,0,0,0.0,0.0,0
demo_42_0113,Data Engineer,DemoEmployer_0113,"Data Engineer — Python, SQL, cloud. Team builds models and data products. Req id 113.",Remote,IN,,211000.0,True,https://example.com/jobs/demo_42_0113,demo,3db33d205f6a5df9d03a9ba629a4fa10,True,Python|SQL,,2,2,15,0,13,1,0,1,0,0,0,0,0,0,0.0,0.0,0
demo_42_0114,Backend Engineer,DemoEmployer_0114,"Backend Engineer — Python, SQL, cloud. Team builds models and data products. Req id 114.",New York,IN,,211000.0,False,https://example.com/jobs/demo_42_0114,demo,475a337882632b3df26a4fbb1baa01b8,True,Python|SQL,,2,2,15,0,16,1,0,1,0,0,0,0,0,0,0.0,0.0,0
demo_42_0115,Senior Data Scientist,DemoEmployer_0115,"Senior Data Scientist — Python, SQL, cloud. Team builds models and data products. Req id 115.",Berlin,DE,,202000.0,False,https://example.com/jobs/demo_42_0115,demo,13185879b3fc50efc7e917a65dbaa5a4,True,Python|SQL,,3,2,16,0,21,1,0,1,0,0,0,0,0,0,0.0,0.0,0
demo_42_0116,Product Analyst,DemoEmployer_0116,"Product Analyst — Python, SQL, cloud. Team builds models and data products. Req id 116.",London,UK,,211000.0,False,https://example.com/jobs/demo_42_0116,demo,8caaeb3fa5cb24e5c1df95b20c655858,True,Python|SQL,,2,2,15,0,15,1,0,1,0,0,0,0,0,0,0.0,0.0,0
demo_42_0117,Analytics Engineer,DemoEmployer_0117,"Analytics Engineer — Python, SQL, cloud. Team builds models and data products. Req id 117.",Singapore,IN,,211000.0,False,https://example.com/jobs/demo_42_0117,demo,df8626e8139cc7e2ceee97eb4f19aeab,True,Python|SQL,,2,2,15,0,18,1,0,1,0,0,0,0,0,0,0.0,0.0,0
demo_42_0118,NLP Engineer,DemoEmployer_0118,"NLP Engineer — Python, SQL, cloud. Team builds models and data products. Req id 118.",Remote,UK,,211000.0,True,https://example.com/jobs/demo_42_0118,demo,1bc5e64b7b54c4a1ec70b2be5634cc6b,True,NLP|Python|SQL,,2,3,15,0,12,1,0,1,0,0,0,0,0,0,0.0,0.0,0
demo_42_0119,Data Engineer,DemoEmployer_0119,"Data Engineer — Python, SQL, cloud. Team builds models and data products. Req id 119.",Remote,IN,,211000.0,True,https://example.com/jobs/demo_42_0119,demo,7ce21d72a8d08e54aa88f1fdcb59ad72,True,Python|SQL,,2,2,15,0,13,1,0,1,0,0,0,0,0,0,0.0,0.0,0
demo_42_0120,Product Analyst,DemoEmployer_0120,"Product Analyst — Python, SQL, cloud. Team builds models and data products. Req id 120.",Toronto,IN,,211000.0,False,https://example.com/jobs/demo_42_0120,demo,f7c482a238ef4a23d944c64f52b7f3d6,True,Python|SQL,,2,2,15,0,15,1,0,1,0,0,0,0,0,0,0.0,0.0,0
demo_42_0121,Senior Data Scientist,DemoEmployer_0121,"Senior Data Scientist — Python, SQL, cloud. Team builds models and data products. Req id 121.",London,UK,,211000.0,False,https://example.com/jobs/demo_42_0121,demo,93e5eae1e77f8fe1c4a705736fff4db4,True,Python|SQL,,3,2,16,0,21,1,0,1,0,0,0,0,0,0,0.0,0.0,0
demo_42_0122,ML Engineer,DemoEmployer_0122,"ML Engineer — Python, SQL, cloud. Team builds models and data products. Req id 122.",Remote,IN,,211000.0,True,https://example.com/jobs/demo_42_0122,demo,a8bf8bc4181f90acaeef81207835c9cd,True,Python|SQL,,2,2,15,0,11,1,0,1,0,0,0,0,0,0,0.0,0.0,0
demo_42_0123,Data Engineer,DemoEmployer_0123,"Data Engineer — Python, SQL, cloud. Team builds models and data products. Req id 123.",Remote,IN,,211000.0,True,https://example.com/jobs/demo_42_0123,demo,845bd854975fef8dfb954732d7faf7a4,True,Python|SQL,,2,2,15,0,13,1,0,1,0,0,0,0,0,0,0.0,0.0,0
demo_42_0124,NLP Engineer,DemoEmployer_0124,"NLP Engineer — Python, SQL, cloud. Team builds models and data products. Req id 124.",Remote,IN,,211000.0,True,https://example.com/jobs/demo_42_0124,demo,3e9d686bb6a1e3337bcd4bbc64cc86cd,True,NLP|Python|SQL,,2,3,15,0,12,1,0,1,0,0,0,0,0,0,0.0,0.0,0
demo_42_0125,ML Engineer,DemoEmployer_0125,"ML Engineer — Python, SQL, cloud. Team builds models and data products. Req id 125.",Remote,IN,,211000.0,True,https://example.com/jobs/demo_42_0125,demo,72f2511cccff2a08fae6dfde1864751a,True,Python|SQL,,2,2,15,0,11,1,0,1,0,0,0,0,0,0,0.0,0.0,0
demo_42_0126,Backend Engineer,DemoEmployer_0126,"Backend Engineer — Python, SQL, cloud. Team builds models and data products. Req id 126.",London,UK,,211000.0,False,https://example.com/jobs/demo_42_0126,demo,e0e9b7d9eda6e4040e0b233eebc3e310,True,Python|SQL,,2,2,15,0,16,1,0,1,0,0,0,0,0,0,0.0,0.0,0
demo_42_0127,NLP Engineer,DemoEmployer_0127,"NLP Engineer — Python, SQL, cloud. Team builds models and data products. Req id 127.",Remote,IN,,211000.0,True,https://example.com/jobs/demo_42_0127,demo,aa789a20577113f64c506243d0db5a70,True,NLP|Python|SQL,,2,3,15,0,12,1,0,1,0,0,0,0,0,0,0.0,0.0,0
demo_42_0128,NLP Engineer,DemoEmployer_0128,"NLP Engineer — Python, SQL, cloud. Team builds models and data products. Req id 128.",Remote,IN,,211000.0,True,https://example.com/jobs/demo_42_0128,demo,5f7582b1912887a701b019465822210a,True,NLP|Python|SQL,,2,3,15,0,12,1,0,1,0,0,0,0,0,0,0.0,0.0,0
demo_42_0129,NLP Engineer,DemoEmployer_0129,"NLP Engineer — Python, SQL, cloud. Team builds models and data products. Req id 129.",Berlin,DE,,211000.0,False,https://example.com/jobs/demo_42_0129,demo,4bd63fde91fce8ea5ded443d721c7de1,True,NLP|Python|SQL,,2,3,15,0,12,1,0,1,0,0,0,0,0,0,0.0,0.0,0
demo_42_0130,Mlops Engineer,DemoEmployer_0130,"MLOps Engineer — Python, SQL, cloud. Team builds models and data products. Req id 130.",Berlin,DE,,212000.0,False,https://example.com/jobs/demo_42_0130,demo,80762c5c9d200c54538398993a5d4718,True,Python|SQL,,2,2,15,0,14,1,0,1,0,0,0,0,0,0,0.0,0.0,0
demo_42_0131,Analytics Engineer,DemoEmployer_0131,"Analytics Engineer — Python, SQL, cloud. Team builds models and data products. Req id 131.",Remote,IN,,211000.0,True,https://example.com/jobs/demo_42_0131,demo,7d8776c22fb7e00dde02adeabbfbcd2e,True,Python|SQL,,2,2,15,0,18,1,0,1,0,0,0,0,0,0,0.0,0.0,0
demo_42_0132,ML Engineer,DemoEmployer_0132,"ML Engineer — Python, SQL, cloud. Team builds models and data products. Req id 132.",Singapore,IN,,212000.0,False,https://example.com/jobs/demo_42_0132,demo,748c076f481c5273dcdbe358e11f538c,True,Python|SQL,,2,2,15,0,11,1,0,1,0,0,0,0,0,0,0.0,0.0,0
demo_42_0133,Mlops Engineer,DemoEmployer_0133,"MLOps Engineer — Python, SQL, cloud. Team builds models and data products. Req id 133.",Singapore,IN,,211000.0,False,https://example.com/jobs/demo_42_0133,demo,1a78db587e549f8395aa88ccd8c3f5a5,True,Python|SQL,,2,2,15,0,14,1,0,1,0,0,0,0,0,0,0.0,0.0,0
demo_42_0134,NLP Engineer,DemoEmployer_0134,"NLP Engineer — Python, SQL, cloud. Team builds models and data products. Req id 134.",Toronto,IN,,213000.0,False,https://example.com/jobs/demo_42_0134,demo,c61c1d796262fd1969a306ac17dc4220,True,NLP|Python|SQL,,2,3,15,0,12,1,0,1,0,0,0,0,0,0,0.0,0.0,0
demo_42_0135,Data Engineer,DemoEmployer_0135,"Data Engineer — Python, SQL, cloud. Team builds models and data products. Req id 135.",Remote,UK,,211000.0,True,https://example.com/jobs/demo_42_0135,demo,cf59f41c1cb42255e316178ba9dbe1e5,True,Python|SQL,,2,2,15,0,13,1,0,1,0,0,0,0,0,0,0.0,0.0,0
demo_42_0136,Senior Data Scientist,DemoEmployer_0136,"Senior Data Scientist — Python, SQL, cloud. Team builds models and data products. Req id 136.",London,UK,,211000.0,False,https://example.com/jobs/demo_42_0136,demo,fa01b5e5e5b495a7be27e2046776e294,True,Python|SQL,,3,2,16,0,21,1,0,1,0,0,0,0,0,0,0.0,0.0,0
demo_42_0137,Analytics Engineer,DemoEmployer_0137,"Analytics Engineer — Python, SQL, cloud. Team builds models and data products. Req id 137.",London,UK,,211000.0,False,https://example.com/jobs/demo_42_0137,demo,5eb4dbdea9c4981fa34be64112b74030,True,Python|SQL,,2,2,15,0,18,1,0,1,0,0,0,0,0,0,0.0,0.0,0
demo_42_0138,Data Engineer,DemoEmployer_0138,"Data Engineer — Python, SQL, cloud. Team builds models and data products. Req id 138.",Bangalore,IN,,211000.0,False,https://example.com/jobs/demo_42_0138,demo,4d944435379a4c8810f23043b23b7f1e,True,Python|SQL,,2,2,15,0,13,1,0,1,0,0,0,0,0,0,0.0,0.0,0
demo_42_0139,Senior Data Scientist,DemoEmployer_0139,"Senior Data Scientist — Python, SQL, cloud. Team builds models and data products. Req id 139.",Remote,IN,,211000.0,True,https://example.com/jobs/demo_42_0139,demo,d0de81ac76b655e4cadcdd39e65ace49,True,Python|SQL,,3,2,16,0,21,1,0,1,0,0,0,0,0,0,0.0,0.0,0
demo_42_0140,Analytics Engineer,DemoEmployer_0140,"Analytics Engineer — Python, SQL, cloud. Team builds models and data products. Req id 140.",Remote,UK,,204000.0,True,https://example.com/jobs/demo_42_0140,demo,fed4f6d344b5c12c95254822074044dc,True,Python|SQL,,2,2,15,0,18,1,0,1,0,0,0,0,0,0,0.0,0.0,0
demo_42_0141,NLP Engineer,DemoEmployer_0141,"NLP Engineer — Python, SQL, cloud. Team builds models and data products. Req id 141.",Remote,DE,,211000.0,True,https://example.com/jobs/demo_42_0141,demo,911ac5983c23ecbc2d7f69eeb80ceb1c,True,NLP|Python|SQL,,2,3,15,0,12,1,0,1,0,0,0,0,0,0,0.0,0.0,0
demo_42_0142,NLP Engineer,DemoEmployer_0142,"NLP Engineer — Python, SQL, cloud. Team builds models and data products. Req id 142.",Toronto,IN,,211000.0,False,https://example.com/jobs/demo_42_0142,demo,57a78718c574a9c4b73c7c3b69efe3f7,True,NLP|Python|SQL,,2,3,15,0,12,1,0,1,0,0,0,0,0,0,0.0,0.0,0
demo_42_0143,Analytics Engineer,DemoEmployer_0143,"Analytics Engineer — Python, SQL, cloud. Team builds models and data products. Req id 143.",Remote,UK,,211000.0,True,https://example.com/jobs/demo_42_0143,demo,ea57c535631610cb12c928aa0aa20f48,True,Python|SQL,,2,2,15,0,18,1,0,1,0,0,0,0,0,0,0.0,0.0,0
demo_42_0144,ML Engineer,DemoEmployer_0144,"ML Engineer — Python, SQL, cloud. Team builds models and data products. Req id 144.",Berlin,DE,,211000.0,False,https://example.com/jobs/demo_42_0144,demo,8d8865cd4f19448406120bdbf46769e5,True,Python|SQL,,2,2,15,0,11,1,0,1,0,0,0,0,0,0,0.0,0.0,0
demo_42_0145,Backend Engineer,DemoEmployer_0145,"Backend Engineer — Python, SQL, cloud. Team builds models and data products. Req id 145.",Remote,DE,,211000.0,True,https://example.com/jobs/demo_42_0145,demo,7a8fa552d1618d0f1f669020bc8f40e7,True,Python|SQL,,2,2,15,0,16,1,0,1,0,0,0,0,0,0,0.0,0.0,0
demo_42_0146,Product Analyst,DemoEmployer_0146,"Product Analyst — Python, SQL, cloud. Team builds models and data products. Req id 146.",London,UK,,211000.0,False,https://example.com/jobs/demo_42_0146,demo,810b7e68c99942ced0fcbd7c655781fa,True,Python|SQL,,2,2,15,0,15,1,0,1,0,0,0,0,0,0,0.0,0.0,0
demo_42_0147,Backend Engineer,DemoEmployer_0147,"Backend Engineer — Python, SQL, cloud. Team builds models and data products. Req id 147.",Remote,IN,,211000.0,True,https://example.com/jobs/demo_42_0147,demo,6987d85f11ba6fd2da4b1c1bb60f5a09,True,Python|SQL,,2,2,15,0,16,1,0,1,0,0,0,0,0,0,0.0,0.0,0
demo_42_0148,Mlops Engineer,DemoEmployer_0148,"MLOps Engineer — Python, SQL, cloud. Team builds models and data products. Req id 148.",Singapore,IN,,211000.0,False,https://example.com/jobs/demo_42_0148,demo,9cf5b559b1c915fbfde44cd9e0d96649,True,Python|SQL,,2,2,15,0,14,1,0,1,0,0,0,0,0,0,0.0,0.0,0
demo_42_0149,Product Analyst,DemoEmployer_0149,"Product Analyst — Python, SQL, cloud. Team builds models and data products. Req id 149.",Remote,IN,,211000.0,True,https://example.com/jobs/demo_42_0149,demo,858601b68867dbcf8381a686e7505556,True,Python|SQL,,2,2,15,0,15,1,0,1,0,0,0,0,0,0,0.0,0.0,0
demo_42_0150,Backend Engineer,DemoEmployer_0150,"Backend Engineer — Python, SQL, cloud. Team builds models and data products. Req id 150.",Singapore,IN,,211000.0,False,https://example.com/jobs/demo_42_0150,demo,f2600bbc68392c7f5ef38479d640a7cb,True,Python|SQL,,2,2,15,0,16,1,0,1,0,0,0,0,0,0,0.0,0.0,0
demo_42_0151,Senior Data Scientist,DemoEmployer_0151,"Senior Data Scientist — Python, SQL, cloud. Team builds models and data products. Req id 151.",London,UK,,211000.0,False,https://example.com/jobs/demo_42_0151,demo,bfe0bd68d5d2c6eb7ca65eacc3227150,True,Python|SQL,,3,2,16,0,21,1,0,1,0,0,0,0,0,0,0.0,0.0,0
demo_42_0152,Analytics Engineer,DemoEmployer_0152,"Analytics Engineer — Python, SQL, cloud. Team builds models and data products. Req id 152.",Remote,IN,,211000.0,True,https://example.com/jobs/demo_42_0152,demo,ca0b75a9d7ec881e67e01459c22d7c12,True,Python|SQL,,2,2,15,0,18,1,0,1,0,0,0,0,0,0,0.0,0.0,0
demo_42_0153,Backend Engineer,DemoEmployer_0153,"Backend Engineer — Python, SQL, cloud. Team builds models and data products. Req id 153.",Singapore,IN,,211000.0,False,https://example.com/jobs/demo_42_0153,demo,ec31aeb9fec42330925cdc1604639d51,True,Python|SQL,,2,2,15,0,16,1,0,1,0,0,0,0,0,0,0.0,0.0,0
demo_42_0154,Senior Data Scientist,DemoEmployer_0154,"Senior Data Scientist — Python, SQL, cloud. Team builds models and data products. Req id 154.",Remote,IN,,211000.0,True,https://example.com/jobs/demo_42_0154,demo,4bc83c82a88a3a50ce4045cde52ecb6d,True,Python|SQL,,3,2,16,0,21,1,0,1,0,0,0,0,0,0,0.0,0.0,0
demo_42_0155,Analytics Engineer,DemoEmployer_0155,"Analytics Engineer — Python, SQL, cloud. Team builds models and data products. Req id 155.",London,UK,,211000.0,False,https://example.com/jobs/demo_42_0155,demo,523e516f7614aa3686eae061b01793a9,True,Python|SQL,,2,2,15,0,18,1,0,1,0,0,0,0,0,0,0.0,0.0,0
demo_42_0156,ML Engineer,DemoEmployer_0156,"ML Engineer — Python, SQL, cloud. Team builds models and data products. Req id 156.",Toronto,IN,,211000.0,False,https://example.com/jobs/demo_42_0156,demo,d69ba8393ec0e76977693c5aab94c609,True,Python|SQL,,2,2,15,0,11,1,0,1,0,0,0,0,0,0,0.0,0.0,0
demo_42_0157,Mlops Engineer,DemoEmployer_0157,"MLOps Engineer — Python, SQL, cloud. Team builds models and data products. Req id 157.",London,UK,,217000.0,False,https://example.com/jobs/demo_42_0157,demo,6ff4d719412c643aabb830ba93aae5bc,True,Python|SQL,,2,2,15,0,14,1,0,1,0,0,0,0,0,0,0.0,0.0,0
demo_42_0158,Analytics Engineer,DemoEmployer_0158,"Analytics Engineer — Python, SQL, cloud. Team builds models and data products. Req id 158.",Remote,IN,,211000.0,True,https://example.com/jobs/demo_42_0158,demo,b9695e3ec429b8d8b8f8035fc003977b,True,Python|SQL,,2,2,15,0,18,1,0,1,0,0,0,0,0,0,0.0,0.0,0
demo_42_0159,Mlops Engineer,DemoEmployer_0159,"MLOps Engineer — Python, SQL, cloud. Team builds models and data products. Req id 159.",New York,IN,,211000.0,False,https://example.com/jobs/demo_42_0159,demo,87651531d12a2c0e94371be9290655f2,True,Python|SQL,,2,2,15,0,14,1,0,1,0,0,0,0,0,0,0.0,0.0,0
demo_42_0160,ML Engineer,DemoEmployer_0160,"ML Engineer — Python, SQL, cloud. Team builds models and data products. Req id 160.",Toronto,IN,,211000.0,False,https://example.com/jobs/demo_42_0160,demo,1cd27e19651baa5fe7a3abf14a5b9bac,True,Python|SQL,,2,2,15,0,11,1,0,1,0,0,0,0,0,0,0.0,0.0,0
demo_42_0161,Analytics Engineer,DemoEmployer_0161,"Analytics Engineer — Python, SQL, cloud. Team builds models and data products. Req id 161.",New York,IN,,212000.0,False,https://example.com/jobs/demo_42_0161,demo,ed93727966cdeedd6d4ca50366abca42,True,Python|SQL,,2,2,15,0,18,1,0,1,0,0,0,0,0,0,0.0,0.0,0
demo_42_0162,ML Engineer,DemoEmployer_0162,"ML Engineer — Python, SQL, cloud. Team builds models and data products. Req id 162.",Berlin,DE,,211000.0,False,https://example.com/jobs/demo_42_0162,demo,9f4616b62e4f4e076871ac79234a7a61,True,Python|SQL,,2,2,15,0,11,1,0,1,0,0,0,0,0,0,0.0,0.0,0
demo_42_0163,Product Analyst,DemoEmployer_0163,"Product Analyst — Python, SQL, cloud. Team builds models and data products. Req id 163.",Remote,IN,,211000.0,True,https://example.com/jobs/demo_42_0163,demo,4c79fb7e52d45e2446975093162bdbac,True,Python|SQL,,2,2,15,0,15,1,0,1,0,0,0,0,0,0,0.0,0.0,0
demo_42_0164,Product Analyst,DemoEmployer_0164,"Product Analyst — Python, SQL, cloud. Team builds models and data products. Req id 164.",London,UK,,211000.0,False,https://example.com/jobs/demo_42_0164,demo,df8357bc605943109cb30d560a35c08f,True,Python|SQL,,2,2,15,0,15,1,0,1,0,0,0,0,0,0,0.0,0.0,0
demo_42_0165,Analytics Engineer,DemoEmployer_0165,"Analytics Engineer — Python, SQL, cloud. Team builds models and data products. Req id 165.",Bangalore,IN,,211000.0,False,https://example.com/jobs/demo_42_0165,demo,dd1de3396b77782f7e44eca125129334,True,Python|SQL,,2,2,15,0,18,1,0,1,0,0,0,0,0,0,0.0,0.0,0
demo_42_0166,Product Analyst,DemoEmployer_0166,"Product Analyst — Python, SQL, cloud. Team builds models and data products. Req id 166.",Bangalore,IN,,211000.0,False,https://example.com/jobs/demo_42_0166,demo,5767b3498d3a835b9e34cfe1198b055f,True,Python|SQL,,2,2,15,0,15,1,0,1,0,0,0,0,0,0,0.0,0.0,0
demo_42_0167,Product Analyst,DemoEmployer_0167,"Product Analyst — Python, SQL, cloud. Team builds models and data products. Req id 167.",New York,IN,,211000.0,False,https://example.com/jobs/demo_42_0167,demo,0be2a7c84d89b3fadd312a2e75e9e53b,True,Python|SQL,,2,2,15,0,15,1,0,1,0,0,0,0,0,0,0.0,0.0,0
demo_42_0168,Mlops Engineer,DemoEmployer_0168,"MLOps Engineer — Python, SQL, cloud. Team builds models and data products. Req id 168.",Bangalore,IN,,211000.0,False,https://example.com/jobs/demo_42_0168,demo,4eda817caeeafe1baa468af1e1868abb,True,Python|SQL,,2,2,15,0,14,1,0,1,0,0,0,0,0,0,0.0,0.0,0
demo_42_0169,Senior Data Scientist,DemoEmployer_0169,"Senior Data Scientist — Python, SQL, cloud. Team builds models and data products. Req id 169.",New York,IN,,211000.0,False,https://example.com/jobs/demo_42_0169,demo,2f8a04ac88e606f52d853253467c65c8,True,Python|SQL,,3,2,16,0,21,1,0,1,0,0,0,0,0,0,0.0,0.0,0
demo_42_0170,Analytics Engineer,DemoEmployer_0170,"Analytics Engineer — Python, SQL, cloud. Team builds models and data products. Req id 170.",New York,IN,,211000.0,False,https://example.com/jobs/demo_42_0170,demo,121bb6645935e48afd264ad01b36a6b2,True,Python|SQL,,2,2,15,0,18,1,0,1,0,0,0,0,0,0,0.0,0.0,0
demo_42_0171,ML Engineer,DemoEmployer_0171,"ML Engineer — Python, SQL, cloud. Team builds models and data products. Req id 171.",Singapore,IN,,211000.0,False,https://example.com/jobs/demo_42_0171,demo,71e27d2ab4224d819484ac5fa3061124,True,Python|SQL,,2,2,15,0,11,1,0,1,0,0,0,0,0,0,0.0,0.0,0
demo_42_0172,Analytics Engineer,DemoEmployer_0172,"Analytics Engineer — Python, SQL, cloud. Team builds models and data products. Req id 172.",New York,IN,,211000.0,False,https://example.com/jobs/demo_42_0172,demo,7f404e6d1b1a9db872dcfa6d340e26dd,True,Python|SQL,,2,2,15,0,18,1,0,1,0,0,0,0,0,0,0.0,0.0,0
demo_42_0173,Backend Engineer,DemoEmployer_0173,"Backend Engineer — Python, SQL, cloud. Team builds models and data products. Req id 173.",Remote,IN,,210000.0,True,https://example.com/jobs/demo_42_0173,demo,6bdc3473be502aa41f7a8b4f460db76d,True,Python|SQL,,2,2,15,0,16,1,0,1,0,0,0,0,0,0,0.0,0.0,0
demo_42_0174,Backend Engineer,DemoEmployer_0174,"Backend Engineer — Python, SQL, cloud. Team builds models and data products. Req id 174.",Remote,IN,,211000.0,True,https://example.com/jobs/demo_42_0174,demo,57ebd4358405e992e0e4142a3a8f5542,True,Python|SQL,,2,2,15,0,16,1,0,1,0,0,0,0,0,0,0.0,0.0,0
demo_42_0175,Mlops Engineer,DemoEmployer_0175,"MLOps Engineer — Python, SQL, cloud. Team builds models and data products. Req id 175.",Singapore,IN,,211000.0,False,https://example.com/jobs/demo_42_0175,demo,258b6befde8348271b48b8272cb1baa7,True,Python|SQL,,2,2,15,0,14,1,0,1,0,0,0,0,0,0,0.0,0.0,0
demo_42_0176,Data Engineer,DemoEmployer_0176,"Data Engineer — Python, SQL, cloud. Team builds models and data products. Req id 176.",Remote,IN,,211000.0,True,https://example.com/jobs/demo_42_0176,demo,03c0653a6d3d340a2becc580d92a3f3a,True,Python|SQL,,2,2,15,0,13,1,0,1,0,0,0,0,0,0,0.0,0.0,0
demo_42_0177,Senior Data Scientist,DemoEmployer_0177,"Senior Data Scientist — Python, SQL, cloud. Team builds models and data products. Req id 177.",Remote,UK,,211000.0,True,https://example.com/jobs/demo_42_0177,demo,fcdf972b2cfa6aaaf6b6d6dbef83b333,True,Python|SQL,,3,2,16,0,21,1,0,1,0,0,0,0,0,0,0.0,0.0,0
demo_42_0178,Senior Data Scientist,DemoEmployer_0178,"Senior Data Scientist — Python, SQL, cloud. Team builds models and data products. Req id 178.",Berlin,DE,,211000.0,False,https://example.com/jobs/demo_42_0178,demo,915f1592fdbe1625a8b372887b4defe5,True,Python|SQL,,3,2,16,0,21,1,0,1,0,0,0,0,0,0,0.0,0.0,0
demo_42_0179,NLP Engineer,DemoEmployer_0179,"NLP Engineer — Python, SQL, cloud. Team builds models and data products. Req id 179.",Remote,IN,,211000.0,True,https://example.com/jobs/demo_42_0179,demo,33ff56b4a3bd76cdd0f3ab628672feac,True,NLP|Python|SQL,,2,3,15,0,12,1,0,1,0,0,0,0,0,0,0.0,0.0,0
demo_42_0180,Data Engineer,DemoEmployer_0180,"Data Engineer — Python, SQL, cloud. Team builds models and data products. Req id 180.",Remote,IN,,211000.0,True,https://example.com/jobs/demo_42_0180,demo,b5210396626b5c87469844561ae1fccf,True,Python|SQL,,2,2,15,0,13,1,0,1,0,0,0,0,0,0,0.0,0.0,0
demo_42_0181,NLP Engineer,DemoEmployer_0181,"NLP Engineer — Python, SQL, cloud. Team builds models and data products. Req id 181.",Berlin,DE,,211000.0,False,https://example.com/jobs/demo_42_0181,demo,58f207c2957b112e43db59301685f3ca,True,NLP|Python|SQL,,2,3,15,0,12,1,0,1,0,0,0,0,0,0,0.0,0.0,0
demo_42_0182,Analytics Engineer,DemoEmployer_0182,"Analytics Engineer — Python, SQL, cloud. Team builds models and data products. Req id 182.",Remote,IN,,219000.0,True,https://example.com/jobs/demo_42_0182,demo,ddd5dc008aad1fb69d2d167392f083b1,True,Python|SQL,,2,2,15,0,18,1,0,1,0,0,0,0,0,0,0.0,0.0,0
demo_42_0183,Data Engineer,DemoEmployer_0183,"Data Engineer — Python, SQL, cloud. Team builds models and data products. Req id 183.",Singapore,IN,,211000.0,False,https://example.com/jobs/demo_42_0183,demo,6b4e4301169fbb846c05df7782a2052d,True,Python|SQL,,2,2,15,0,13,1,0,1,0,0,0,0,0,0,0.0,0.0,0
demo_42_0184,ML Engineer,DemoEmployer_0184,"ML Engineer — Python, SQL, cloud. Team builds models and data products. Req id 184.",New York,IN,,211000.0,False,https://example.com/jobs/demo_42_0184,demo,e9146125d40c00778b6e5358e726987b,True,Python|SQL,,2,2,15,0,11,1,0,1,0,0,0,0,0,0,0.0,0.0,0
demo_42_0185,Mlops Engineer,DemoEmployer_0185,"MLOps Engineer — Python, SQL, cloud. Team builds models and data products. Req id 185.",London,UK,,211000.0,False,https://example.com/jobs/demo_42_0185,demo,e257c50cbe403b7fcf9986fcef794da3,True,Python|SQL,,2,2,15,0,14,1,0,1,0,0,0,0,0,0,0.0,0.0,0
demo_42_0186,Data Engineer,DemoEmployer_0186,"Data Engineer — Python, SQL, cloud. Team builds models and data products. Req id 186.",Berlin,DE,,211000.0,False,https://example.com/jobs/demo_42_0186,demo,89f733bf81b40feebed9ee81360cd8d0,True,Python|SQL,,2,2,15,0,13,1,0,1,0,0,0,0,0,0,0.0,0.0,0
demo_42_0187,Product Analyst,DemoEmployer_0187,"Product Analyst — Python, SQL, cloud. Team builds models and data products. Req id 187.",Toronto,IN,,211000.0,False,https://example.com/jobs/demo_42_0187,demo,6b53cdde6e22809e24522eb29d50b421,True,Python|SQL,,2,2,15,0,15,1,0,1,0,0,0,0,0,0,0.0,0.0,0
demo_42_0188,Backend Engineer,DemoEmployer_0188,"Backend Engineer — Python, SQL, cloud. Team builds models and data products. Req id 188.",Toronto,IN,,211000.0,False,https://example.com/jobs/demo_42_0188,demo,82f72cda8ba11f011b026965ed1e609f,True,Python|SQL,,2,2,15,0,16,1,0,1,0,0,0,0,0,0,0.0,0.0,0
demo_42_0189,Backend Engineer,DemoEmployer_0189,"Backend Engineer — Python, SQL, cloud. Team builds models and data products. Req id 189.",Bangalore,IN,,211000.0,False,https://example.com/jobs/demo_42_0189,demo,d3e2bd8e79fb8a6f72bbdc96c841ccd9,True,Python|SQL,,2,2,15,0,16,1,0,1,0,0,0,0,0,0,0.0,0.0,0
demo_42_0190,Senior Data Scientist,DemoEmployer_0190,"Senior Data Scientist — Python, SQL, cloud. Team builds models and data products. Req id 190.",Remote,IN,,211000.0,True,https://example.com/jobs/demo_42_0190,demo,c038beacdb394f80f16cdde3e00646ef,True,Python|SQL,,3,2,16,0,21,1,0,1,0,0,0,0,0,0,0.0,0.0,0
demo_42_0191,Product Analyst,DemoEmployer_0191,"Product Analyst — Python, SQL, cloud. Team builds models and data products. Req id 191.",Berlin,DE,,208000.0,False,https://example.com/jobs/demo_42_0191,demo,69980f107b1877942a55fdd0e5bebde9,True,Python|SQL,,2,2,15,0,15,1,0,1,0,0,0,0,0,0,0.0,0.0,0
demo_42_0192,Product Analyst,DemoEmployer_0192,"Product Analyst — Python, SQL, cloud. Team builds models and data products. Req id 192.",London,UK,,211000.0,False,https://example.com/jobs/demo_42_0192,demo,e9e6eefa569cefa8ee2bba9fea2da02f,True,Python|SQL,,2,2,15,0,15,1,0,1,0,0,0,0,0,0,0.0,0.0,0
demo_42_0193,ML Engineer,DemoEmployer_0193,"ML Engineer — Python, SQL, cloud. Team builds models and data products. Req id 193.",Remote,IN,,211000.0,True,https://example.com/jobs/demo_42_0193,demo,e8fb34c99ced1f36635206b1ed243dc1,True,Python|SQL,,2,2,15,0,11,1,0,1,0,0,0,0,0,0,0.0,0.0,0
demo_42_0194,NLP Engineer,DemoEmployer_0194,"NLP Engineer — Python, SQL, cloud. Team builds models and data products. Req id 194.",Remote,IN,,211000.0,True,https://example.com/jobs/demo_42_0194,demo,56c9f0d84bc0417195e1542f28355b27,True,NLP|Python|SQL,,2,3,15,0,12,1,0,1,0,0,0,0,0,0,0.0,0.0,0
demo_42_0195,Mlops Engineer,DemoEmployer_0195,"MLOps Engineer — Python, SQL, cloud. Team builds models and data products. Req id 195.",Remote,DE,,211000.0,True,https://example.com/jobs/demo_42_0195,demo,e5207b18c9047e23e1743f1457c643a8,True,Python|SQL,,2,2,15,0,14,1,0,1,0,0,0,0,0,0,0.0,0.0,0
demo_42_0196,Analytics Engineer,DemoEmployer_0196,"Analytics Engineer — Python, SQL, cloud. Team builds models and data products. Req id 196.",New York,IN,,211000.0,False,https://example.com/jobs/demo_42_0196,demo,a9611d572b833f5107b0a03da4e3c6db,True,Python|SQL,,2,2,15,0,18,1,0,1,0,0,0,0,0,0,0.0,0.0,0
demo_42_0197,Analytics Engineer,DemoEmployer_0197,"Analytics Engineer — Python, SQL, cloud. Team builds models and data products. Req id 197.",London,UK,,211000.0,False,https://example.com/jobs/demo_42_0197,demo,4cc62741594986bd7351975162977800,True,Python|SQL,,2,2,15,0,18,1,0,1,0,0,0,0,0,0,0.0,0.0,0
demo_42_0198,Product Analyst,DemoEmployer_0198,"Product Analyst — Python, SQL, cloud. Team builds models and data products. Req id 198.",Remote,IN,,211000.0,True,https://example.com/jobs/demo_42_0198,demo,3cc2dd7512ed3fad81b3ad4434e4d616,True,Python|SQL,,2,2,15,0,15,1,0,1,0,0,0,0,0,0,0.0,0.0,0
demo_42_0199,Analytics Engineer,DemoEmployer_0199,"Analytics Engineer — Python, SQL, cloud. Team builds models and data products. Req id 199.",Remote,IN,,211000.0,True,https://example.com/jobs/demo_42_0199,demo,e9213461137d45a50d73b2e17d8cfadc,True,Python|SQL,,2,2,15,0,18,1,0,1,0,0,0,0,0,0,0.0,0.0,0
demo_42_0200,Data Engineer,DemoEmployer_0200,"Data Engineer — Python, SQL, cloud. Team builds models and data products. Req id 200.",Toronto,IN,,201000.0,False,https://example.com/jobs/demo_42_0200,demo,c1b52fbd4ff44e35e0ca482dccda65c4,True,Python|SQL,,2,2,15,0,13,1,0,1,0,0,0,0,0,0,0.0,0.0,0
demo_42_0201,Data Engineer,DemoEmployer_0201,"Data Engineer — Python, SQL, cloud. Team builds models and data products. Req id 201.",Bangalore,IN,,211000.0,False,https://example.com/jobs/demo_42_0201,demo,c2dc98127484ce5b46ebc60c85408a2b,True,Python|SQL,,2,2,15,0,13,1,0,1,0,0,0,0,0,0,0.0,0.0,0
demo_42_0202,Analytics Engineer,DemoEmployer_0202,"Analytics Engineer — Python, SQL, cloud. Team builds models and data products. Req id 202.",London,UK,,209000.0,False,https://example.com/jobs/demo_42_0202,demo,4feb6c1dfdf46f5139906df7280a6e1c,True,Python|SQL,,2,2,15,0,18,1,0,1,0,0,0,0,0,0,0.0,0.0,0
demo_42_0203,NLP Engineer,DemoEmployer_0203,"NLP Engineer — Python, SQL, cloud. Team builds models and data products. Req id 203.",New York,IN,,211000.0,False,https://example.com/jobs/demo_42_0203,demo,c4b18ed47cc5e69918920769475a9f73,True,NLP|Python|SQL,,2,3,15,0,12,1,0,1,0,0,0,0,0,0,0.0,0.0,0
demo_42_0204,Mlops Engineer,DemoEmployer_0204,"MLOps Engineer — Python, SQL, cloud. Team builds models and data products. Req id 204.",Berlin,DE,,210000.0,False,https://example.com/jobs/demo_42_0204,demo,04f25109bc752d208182571a50625ca6,True,Python|SQL,,2,2,15,0,14,1,0,1,0,0,0,0,0,0,0.0,0.0,0
demo_42_0205,NLP Engineer,DemoEmployer_0205,"NLP Engineer — Python, SQL, cloud. Team builds models and data products. Req id 205.",Remote,IN,,211000.0,True,https://example.com/jobs/demo_42_0205,demo,672f5e09f76c8d590b4fb8f6fcc296ab,True,NLP|Python|SQL,,2,3,15,0,12,1,0,1,0,0,0,0,0,0,0.0,0.0,0
demo_42_0206,ML Engineer,DemoEmployer_0206,"ML Engineer — Python, SQL, cloud. Team builds models and data products. Req id 206.",New York,IN,,211000.0,False,https://example.com/jobs/demo_42_0206,demo,8e4f73061d9c6fc879a61a395935ebe8,True,Python|SQL,,2,2,15,0,11,1,0,1,0,0,0,0,0,0,0.0,0.0,0
demo_42_0207,ML Engineer,DemoEmployer_0207,"ML Engineer — Python, SQL, cloud. Team builds models and data products. Req id 207.",New York,IN,,217000.0,False,https://example.com/jobs/demo_42_0207,demo,f7b7399dce360a40c3842225cee20b74,True,Python|SQL,,2,2,15,0,11,1,0,1,0,0,0,0,0,0,0.0,0.0,0
demo_42_0208,Backend Engineer,DemoEmployer_0208,"Backend Engineer — Python, SQL, cloud. Team builds models and data products. Req id 208.",New York,IN,,211000.0,False,https://example.com/jobs/demo_42_0208,demo,aab31787fc2ea9a910243f598e7bf283,True,Python|SQL,,2,2,15,0,16,1,0,1,0,0,0,0,0,0,0.0,0.0,0
demo_42_0209,NLP Engineer,DemoEmployer_0209,"NLP Engineer — Python, SQL, cloud. Team builds models and data products. Req id 209.",Remote,IN,,215000.0,True,https://example.com/jobs/demo_42_0209,demo,e6bc5b19d467dd53cbd1ab3cbf33e631,True,NLP|Python|SQL,,2,3,15,0,12,1,0,1,0,0,0,0,0,0,0.0,0.0,0
demo_42_0210,Analytics Engineer,DemoEmployer_0210,"Analytics Engineer — Python, SQL, cloud. Team builds models and data products. Req id 210.",Remote,IN,,211000.0,True,https://example.com/jobs/demo_42_0210,demo,650efc8009e3c5e90d1b29d570c70a4a,True,Python|SQL,,2,2,15,0,18,1,0,1,0,0,0,0,0,0,0.0,0.0,0
demo_42_0211,Analytics Engineer,DemoEmployer_0211,"Analytics Engineer — Python, SQL, cloud. Team builds models and data products. Req id 211.",Singapore,IN,,211000.0,False,https://example.com/jobs/demo_42_0211,demo,941daa25c91bf27d7ffdca4c6b78b7e7,True,Python|SQL,,2,2,15,0,18,1,0,1,0,0,0,0,0,0,0.0,0.0,0
demo_42_0212,Product Analyst,DemoEmployer_0212,"Product Analyst — Python, SQL, cloud. Team builds models and data products. Req id 212.",Remote,IN,,218000.0,True,https://example.com/jobs/demo_42_0212,demo,34c65b36cf4c7fcfd9a7e98b79718c61,True,Python|SQL,,2,2,15,0,15,1,0,1,0,0,0,0,0,0,0.0,0.0,0
demo_42_0213,ML Engineer,DemoEmployer_0213,"ML Engineer — Python, SQL, cloud. Team builds models and data products. Req id 213.",Remote,IN,,211000.0,True,https://example.com/jobs/demo_42_0213,demo,3df54543264505b8a025b615efea211f,True,Python|SQL,,2,2,15,0,11,1,0,1,0,0,0,0,0,0,0.0,0.0,0
demo_42_0214,NLP Engineer,DemoEmployer_0214,"NLP Engineer — Python, SQL, cloud. Team builds models and data products. Req id 214.",Bangalore,IN,,211000.0,False,https://example.com/jobs/demo_42_0214,demo,0811fa35b009526f1222fe9b33b1abcf,True,NLP|Python|SQL,,2,3,15,0,12,1,0,1,0,0,0,0,0,0,0.0,0.0,0
demo_42_0215,Analytics Engineer,DemoEmployer_0215,"Analytics Engineer — Python, SQL, cloud. Team builds models and data products. Req id 215.",Singapore,IN,,218000.0,False,https://example.com/jobs/demo_42_0215,demo,feb5e5e0efe35c2a27688260a697a4bf,True,Python|SQL,,2,2,15,0,18,1,0,1,0,0,0,0,0,0,0.0,0.0,0
demo_42_0216,Backend Engineer,DemoEmployer_0216,"Backend Engineer — Python, SQL, cloud. Team builds models and data products. Req id 216.",Remote,IN,,217000.0,True,https://example.com/jobs/demo_42_0216,demo,0b734ab8904c3a01f03290c552ce98e0,True,Python|SQL,,2,2,15,0,16,1,0,1,0,0,0,0,0,0,0.0,0.0,0
demo_42_0217,ML Engineer,DemoEmployer_0217,"ML Engineer — Python, SQL, cloud. Team builds models and data products. Req id 217.",Remote,IN,,211000.0,True,https://example.com/jobs/demo_42_0217,demo,b877db23c90622f518f6131e6053a72c,True,Python|SQL,,2,2,15,0,11,1,0,1,0,0,0,0,0,0,0.0,0.0,0
demo_42_0218,ML Engineer,DemoEmployer_0218,"ML Engineer — Python, SQL, cloud. Team builds models and data products. Req id 218.",Remote,IN,,211000.0,True,https://example.com/jobs/demo_42_0218,demo,4ca1faf13a64708f2395ea5345bc32cf,True,Python|SQL,,2,2,15,0,11,1,0,1,0,0,0,0,0,0,0.0,0.0,0
demo_42_0219,Mlops Engineer,DemoEmployer_0219,"MLOps Engineer — Python, SQL, cloud. Team builds models and data products. Req id 219.",Remote,IN,,211000.0,True,https://example.com/jobs/demo_42_0219,demo,10c8de31b2d52d95d58bb9dd3fd8bacf,True,Python|SQL,,2,2,15,0,14,1,0,1,0,0,0,0,0,0,0.0,0.0,0
demo_42_0220,Senior Data Scientist,DemoEmployer_0220,"Senior Data Scientist — Python, SQL, cloud. Team builds models and data products. Req id 220.",Bangalore,IN,,211000.0,False,https://example.com/jobs/demo_42_0220,demo,70c43140b15e4b9ff82fe457e49e17f7,True,Python|SQL,,3,2,16,0,21,1,0,1,0,0,0,0,0,0,0.0,0.0,0
demo_42_0221,Product Analyst,DemoEmployer_0221,"Product Analyst — Python, SQL, cloud. Team builds models and data products. Req id 221.",New York,IN,,211000.0,False,https://example.com/jobs/demo_42_0221,demo,c48c6513d9b3359a9aed3515f5202cd9,True,Python|SQL,,2,2,15,0,15,1,0,1,0,0,0,0,0,0,0.0,0.0,0
demo_42_0222,Senior Data Scientist,DemoEmployer_0222,"Senior Data Scientist — Python, SQL, cloud. Team builds models and data products. Req id 222.",Remote,IN,,211000.0,True,https://example.com/jobs/demo_42_0222,demo,8fefab5d06f67336c38647a91bbbeca9,True,Python|SQL,,3,2,16,0,21,1,0,1,0,0,0,0,0,0,0.0,0.0,0
demo_42_0223,Data Engineer,DemoEmployer_0223,"Data Engineer — Python, SQL, cloud. Team builds models and data products. Req id 223.",London,UK,,211000.0,False,https://example.com/jobs/demo_42_0223,demo,0372e7357461cdd9c8cbd7223d3ed9ee,True,Python|SQL,,2,2,15,0,13,1,0,1,0,0,0,0,0,0,0.0,0.0,0
demo_42_0224,ML Engineer,DemoEmployer_0224,"ML Engineer — Python, SQL, cloud. Team builds models and data products. Req id 224.",Toronto,IN,,211000.0,False,https://example.com/jobs/demo_42_0224,demo,5691ac7d7f2969ba2c9b493efebaac0c,True,Python|SQL,,2,2,15,0,11,1,0,1,0,0,0,0,0,0,0.0,0.0,0
demo_42_0225,Mlops Engineer,DemoEmployer_0225,"MLOps Engineer — Python, SQL, cloud. Team builds models and data products. Req id 225.",New York,IN,,211000.0,False,https://example.com/jobs/demo_42_0225,demo,1f099dffae4743dc41dab03c41fa1630,True,Python|SQL,,2,2,15,0,14,1,0,1,0,0,0,0,0,0,0.0,0.0,0
demo_42_0226,NLP Engineer,DemoEmployer_0226,"NLP Engineer — Python, SQL, cloud. Team builds models and data products. Req id 226.",Toronto,IN,,211000.0,False,https://example.com/jobs/demo_42_0226,demo,cd33a84535fa0d86cacf0ee3e7455863,True,NLP|Python|SQL,,2,3,15,0,12,1,0,1,0,0,0,0,0,0,0.0,0.0,0
demo_42_0227,Data Engineer,DemoEmployer_0227,"Data Engineer — Python, SQL, cloud. Team builds models and data products. Req id 227.",Singapore,IN,,201000.0,False,https://example.com/jobs/demo_42_0227,demo,aee16c27620d35cf1240952ef4ee528e,True,Python|SQL,,2,2,15,0,13,1,0,1,0,0,0,0,0,0,0.0,0.0,0
demo_42_0228,Product Analyst,DemoEmployer_0228,"Product Analyst — Python, SQL, cloud. Team builds models and data products. Req id 228.",Bangalore,IN,,211000.0,False,https://example.com/jobs/demo_42_0228,demo,69d9cefaf96520a972cf216fc88d3dfa,True,Python|SQL,,2,2,15,0,15,1,0,1,0,0,0,0,0,0,0.0,0.0,0
demo_42_0229,Senior Data Scientist,DemoEmployer_0229,"Senior Data Scientist — Python, SQL, cloud. Team builds models and data products. Req id 229.",Remote,DE,,211000.0,True,https://example.com/jobs/demo_42_0229,demo,d79a72c33ba0623c444b60d6c9e5f345,True,Python|SQL,,3,2,16,0,21,1,0,1,0,0,0,0,0,0,0.0,0.0,0
demo_42_0230,NLP Engineer,DemoEmployer_0230,"NLP Engineer — Python, SQL, cloud. Team builds models and data products. Req id 230.",London,UK,,211000.0,False,https://example.com/jobs/demo_42_0230,demo,5368207068322c2c48a474559c0bee76,True,NLP|Python|SQL,,2,3,15,0,12,1,0,1,0,0,0,0,0,0,0.0,0.0,0
demo_42_0231,Data Engineer,DemoEmployer_0231,"Data Engineer — Python, SQL, cloud. Team builds models and data products. Req id 231.",Remote,IN,,211000.0,True,https://example.com/jobs/demo_42_0231,demo,1912ea466ab1fb1d1425389fb22fc65a,True,Python|SQL,,2,2,15,0,13,1,0,1,0,0,0,0,0,0,0.0,0.0,0
demo_42_0232,Backend Engineer,DemoEmployer_0232,"Backend Engineer — Python, SQL, cloud. Team builds models and data products. Req id 232.",Bangalore,IN,,211000.0,False,https://example.com/jobs/demo_42_0232,demo,89ea5f06381fcafb9551d835686a3edd,True,Python|SQL,,2,2,15,0,16,1,0,1,0,0,0,0,0,0,0.0,0.0,0
demo_42_0233,ML Engineer,DemoEmployer_0233,"ML Engineer — Python, SQL, cloud. Team builds models and data products. Req id 233.",Toronto,IN,,211000.0,False,https://example.com/jobs/demo_42_0233,demo,52e0e21cb1ba03407ee46198b4e8aa07,True,Python|SQL,,2,2,15,0,11,1,0,1,0,0,0,0,0,0,0.0,0.0,0
demo_42_0234,Senior Data Scientist,DemoEmployer_0234,"Senior Data Scientist — Python, SQL, cloud. Team builds models and data products. Req id 234.",Remote,IN,,211000.0,True,https://example.com/jobs/demo_42_0234,demo,bafd55b1fa0d54607fd8e09288a8dcd3,True,Python|SQL,,3,2,16,0,21,1,0,1,0,0,0,0,0,0,0.0,0.0,0
demo_42_0235,Mlops Engineer,DemoEmployer_0235,"MLOps Engineer — Python, SQL, cloud. Team builds models and data products. Req id 235.",London,UK,,211000.0,False,https://example.com/jobs/demo_42_0235,demo,7fa3416bb0a792c03ec9c17fb5650d13,True,Python|SQL,,2,2,15,0,14,1,0,1,0,0,0,0,0,0,0.0,0.0,0
demo_42_0236,Mlops Engineer,DemoEmployer_0236,"MLOps Engineer — Python, SQL, cloud. Team builds models and data products. Req id 236.",Berlin,DE,,211000.0,False,https://example.com/jobs/demo_42_0236,demo,d6a83f14fdc2c86e404a26a7f0f92fb8,True,Python|SQL,,2,2,15,0,14,1,0,1,0,0,0,0,0,0,0.0,0.0,0
demo_42_0237,Product Analyst,DemoEmployer_0237,"Product Analyst — Python, SQL, cloud. Team builds models and data products. Req id 237.",New York,IN,,211000.0,False,https://example.com/jobs/demo_42_0237,demo,612a87b6159b10b3c18435e7f24a29f6,True,Python|SQL,,2,2,15,0,15,1,0,1,0,0,0,0,0,0,0.0,0.0,0
demo_42_0238,Product Analyst,DemoEmployer_0238,"Product Analyst — Python, SQL, cloud. Team builds models and data products. Req id 238.",Remote,IN,,211000.0,True,https://example.com/jobs/demo_42_0238,demo,03fe4ad683dd3ecb5a9407a34dce7270,True,Python|SQL,,2,2,15,0,15,1,0,1,0,0,0,0,0,0,0.0,0.0,0
demo_42_0239,Product Analyst,DemoEmployer_0239,"Product Analyst — Python, SQL, cloud. Team builds models and data products. Req id 239.",Remote,DE,,211000.0,True,https://example.com/jobs/demo_42_0239,demo,8becd8bcef03ba670eb27e797500ed81,True,Python|SQL,,2,2,15,0,15,1,0,1,0,0,0,0,0,0,0.0,0.0,0
demo_42_0240,Analytics Engineer,DemoEmployer_0240,"Analytics Engineer — Python, SQL, cloud. Team builds models and data products. Req id 240.",Remote,IN,,211000.0,True,https://example.com/jobs/demo_42_0240,demo,473623e2a521d5e3e132d28bcb7f20a3,True,Python|SQL,,2,2,15,0,18,1,0,1,0,0,0,0,0,0,0.0,0.0,0
demo_42_0241,Product Analyst,DemoEmployer_0241,"Product Analyst — Python, SQL, cloud. Team builds models and data products. Req id 241.",Singapore,IN,,211000.0,False,https://example.com/jobs/demo_42_0241,demo,d5aed1d178ee1aff683d372682d45934,True,Python|SQL,,2,2,15,0,15,1,0,1,0,0,0,0,0,0,0.0,0.0,0
demo_42_0242,Senior Data Scientist,DemoEmployer_0242,"Senior Data Scientist — Python, SQL, cloud. Team builds models and data products. Req id 242.",Bangalore,IN,,211000.0,False,https://example.com/jobs/demo_42_0242,demo,ff7e8919927881ecbcfa9c1b528cc016,True,Python|SQL,,3,2,16,0,21,1,0,1,0,0,0,0,0,0,0.0,0.0,0
demo_42_0243,ML Engineer,DemoEmployer_0243,"ML Engineer — Python, SQL, cloud. Team builds models and data products. Req id 243.",Remote,DE,,211000.0,True,https://example.com/jobs/demo_42_0243,demo,6302201eff7dbd5438ab9f76603732e1,True,Python|SQL,,2,2,15,0,11,1,0,1,0,0,0,0,0,0,0.0,0.0,0
demo_42_0244,Senior Data Scientist,DemoEmployer_0244,"Senior Data Scientist — Python, SQL, cloud. Team builds models and data products. Req id 244.",Remote,IN,,211000.0,True,https://example.com/jobs/demo_42_0244,demo,49effe6ae98b32082d4098ab9519885d,True,Python|SQL,,3,2,16,0,21,1,0,1,0,0,0,0,0,0,0.0,0.0,0
demo_42_0245,Analytics Engineer,DemoEmployer_0245,"Analytics Engineer — Python, SQL, cloud. Team builds models and data products. Req id 245.",Singapore,IN,,211000.0,False,https://example.com/jobs/demo_42_0245,demo,013fd59bebcddead0e5293bc8de04f47,True,Python|SQL,,2,2,15,0,18,1,0,1,0,0,0,0,0,0,0.0,0.0,0
demo_42_0246,Product Analyst,DemoEmployer_0246,"Product Analyst — Python, SQL, cloud. Team builds models and data products. Req id 246.",Toronto,IN,,211000.0,False,https://example.com/jobs/demo_42_0246,demo,a487f8acfdaacddc0eec0968bce4ca1c,True,Python|SQL,,2,2,15,0,15,1,0,1,0,0,0,0,0,0,0.0,0.0,0
demo_42_0247,NLP Engineer,DemoEmployer_0247,"NLP Engineer — Python, SQL, cloud. Team builds models and data products. Req id 247.",Remote,IN,,211000.0,True,https://example.com/jobs/demo_42_0247,demo,24ac04003763d038efd6f560277396a4,True,NLP|Python|SQL,,2,3,15,0,12,1,0,1,0,0,0,0,0,0,0.0,0.0,0
demo_42_0248,ML Engineer,DemoEmployer_0248,"ML Engineer — Python, SQL, cloud. Team builds models and data products. Req id 248.",Remote,IN,,211000.0,True,https://example.com/jobs/demo_42_0248,demo,a750ad6b45563ba90c5313d77870237c,True,Python|SQL,,2,2,15,0,11,1,0,1,0,0,0,0,0,0,0.0,0.0,0
demo_42_0249,Data Engineer,DemoEmployer_0249,"Data Engineer — Python, SQL, cloud. Team builds models and data products. Req id 249.",Remote,IN,,211000.0,True,https://example.com/jobs/demo_42_0249,demo,40126bde5f999b88336921c245b6d865,True,Python|SQL,,2,2,15,0,13,1,0,1,0,0,0,0,0,0,0.0,0.0,0
demo_42_0250,Product Analyst,DemoEmployer_0250,"Product Analyst — Python, SQL, cloud. Team builds models and data products. Req id 250.",Remote,IN,,211000.0,True,https://example.com/jobs/demo_42_0250,demo,98bb8e670f7fb6e8e19b2a77aa1f78c5,True,Python|SQL,,2,2,15,0,15,1,0,1,0,0,0,0,0,0,0.0,0.0,0
demo_42_0251,Product Analyst,DemoEmployer_0251,"Product Analyst — Python, SQL, cloud. Team builds models and data products. Req id 251.",Toronto,IN,,211000.0,False,https://example.com/jobs/demo_42_0251,demo,f953cb07609ffa3d9d514a7f3e43c27c,True,Python|SQL,,2,2,15,0,15,1,0,1,0,0,0,0,0,0,0.0,0.0,0
demo_42_0252,Senior Data Scientist,DemoEmployer_0252,"Senior Data Scientist — Python, SQL, cloud. Team builds models and data products. Req id 252.",Berlin,DE,,211000.0,False,https://example.com/jobs/demo_42_0252,demo,396e1bc2460377a26709a53e80d61f27,True,Python|SQL,,3,2,16,0,21,1,0,1,0,0,0,0,0,0,0.0,0.0,0
demo_42_0253,Mlops Engineer,DemoEmployer_0253,"MLOps Engineer — Python, SQL, cloud. Team builds models and data products. Req id 253.",Remote,IN,,211000.0,True,https://example.com/jobs/demo_42_0253,demo,607e1dfff4546e2b3929894e85d75ef1,True,Python|SQL,,2,2,15,0,14,1,0,1,0,0,0,0,0,0,0.0,0.0,0
demo_42_0254,Senior Data Scientist,DemoEmployer_0254,"Senior Data Scientist — Python, SQL, cloud. Team builds models and data products. Req id 254.",London,UK,,211000.0,False,https://example.com/jobs/demo_42_0254,demo,860d6f323a956ef1cc04101951c82e43,True,Python|SQL,,3,2,16,0,21,1,0,1,0,0,0,0,0,0,0.0,0.0,0
demo_42_0255,Backend Engineer,DemoEmployer_0255,"Backend Engineer — Python, SQL, cloud. Team builds models and data products. Req id 255.",London,UK,,211000.0,False,https://example.com/jobs/demo_42_0255,demo,ab7411b51cb6921ef81b42440f539d95,True,Python|SQL,,2,2,15,0,16,1,0,1,0,0,0,0,0,0,0.0,0.0,0
demo_42_0256,Product Analyst,DemoEmployer_0256,"Product Analyst — Python, SQL, cloud. Team builds models and data products. Req id 256.",Bangalore,IN,,211000.0,False,https://example.com/jobs/demo_42_0256,demo,7ea28986a8d64541ebe6ceaae2c69934,True,Python|SQL,,2,2,15,0,15,1,0,1,0,0,0,0,0,0,0.0,0.0,0
demo_42_0257,ML Engineer,DemoEmployer_0257,"ML Engineer — Python, SQL, cloud. Team builds models and data products. Req id 257.",London,UK,,202000.0,False,https://example.com/jobs/demo_42_0257,demo,8349d6231e6432ad6eec9fcd9faa9f59,True,Python|SQL,,2,2,15,0,11,1,0,1,0,0,0,0,0,0,0.0,0.0,0
demo_42_0258,ML Engineer,DemoEmployer_0258,"ML Engineer — Python, SQL, cloud. Team builds models and data products. Req id 258.",London,UK,,211000.0,False,https://example.com/jobs/demo_42_0258,demo,9b7d55ff5fafe4f7d3b5ce4d395eb4a5,True,Python|SQL,,2,2,15,0,11,1,0,1,0,0,0,0,0,0,0.0,0.0,0
demo_42_0259,Senior Data Scientist,DemoEmployer_0259,"Senior Data Scientist — Python, SQL, cloud. Team builds models and data products. Req id 259.",Bangalore,IN,,211000.0,False,https://example.com/jobs/demo_42_0259,demo,fa02277129391ad76cb279662a7d6d70,True,Python|SQL,,3,2,16,0,21,1,0,1,0,0,0,0,0,0,0.0,0.0,0
demo_42_0260,Data Engineer,DemoEmployer_0260,"Data Engineer — Python, SQL, cloud. Team builds models and data products. Req id 260.",Singapore,IN,,211000.0,False,https://example.com/jobs/demo_42_0260,demo,d05023a239a7310644ca5966c0678f57,True,Python|SQL,,2,2,15,0,13,1,0,1,0,0,0,0,0,0,0.0,0.0,0
demo_42_0261,Analytics Engineer,DemoEmployer_0261,"Analytics Engineer — Python, SQL, cloud. Team builds models and data products. Req id 261.",Berlin,DE,,211000.0,False,https://example.com/jobs/demo_42_0261,demo,a5e9cdd339b1b766b2a0e47fd1307b9a,True,Python|SQL,,2,2,15,0,18,1,0,1,0,0,0,0,0,0,0.0,0.0,0
demo_42_0262,Mlops Engineer,DemoEmployer_0262,"MLOps Engineer — Python, SQL, cloud. Team builds models and data products. Req id 262.",Berlin,DE,,211000.0,False,https://example.com/jobs/demo_42_0262,demo,33006725abad7ad2a00da5a949d22ddb,True,Python|SQL,,2,2,15,0,14,1,0,1,0,0,0,0,0,0,0.0,0.0,0
demo_42_0263,Data Engineer,DemoEmployer_0263,"Data Engineer — Python, SQL, cloud. Team builds models and data products. Req id 263.",London,UK,,211000.0,False,https://example.com/jobs/demo_42_0263,demo,44080bd8f8ff24d8d32357ee2951cf79,True,Python|SQL,,2,2,15,0,13,1,0,1,0,0,0,0,0,0,0.0,0.0,0
demo_42_0264,ML Engineer,DemoEmployer_0264,"ML Engineer — Python, SQL, cloud. Team builds models and data products. Req id 264.",Berlin,DE,,211000.0,False,https://example.com/jobs/demo_42_0264,demo,9ffad0ebc56c4685168934cfad84d95c,True,Python|SQL,,2,2,15,0,11,1,0,1,0,0,0,0,0,0,0.0,0.0,0
demo_42_0265,Senior Data Scientist,DemoEmployer_0265,"Senior Data Scientist — Python, SQL, cloud. Team builds models and data products. Req id 265.",Toronto,IN,,211000.0,False,https://example.com/jobs/demo_42_0265,demo,839921f52fbcc3deb2b45b45aebf67f8,True,Python|SQL,,3,2,16,0,21,1,0,1,0,0,0,0,0,0,0.0,0.0,0
demo_42_0266,Backend Engineer,DemoEmployer_0266,"Backend Engineer — Python, SQL, cloud. Team builds models and data products. Req id 266.",London,UK,,211000.0,False,https://example.com/jobs/demo_42_0266,demo,764cf95481ee584fe2e7c29813c232aa,True,Python|SQL,,2,2,15,0,16,1,0,1,0,0,0,0,0,0,0.0,0.0,0
demo_42_0267,Data Engineer,DemoEmployer_0267,"Data Engineer — Python, SQL, cloud. Team builds models and data products. Req id 267.",Berlin,DE,,211000.0,False,https://example.com/jobs/demo_42_0267,demo,43fe8c55c3c3b9f1deb1aa5629aefcae,True,Python|SQL,,2,2,15,0,13,1,0,1,0,0,0,0,0,0,0.0,0.0,0
demo_42_0268,NLP Engineer,DemoEmployer_0268,"NLP Engineer — Python, SQL, cloud. Team builds models and data products. Req id 268.",Singapore,IN,,201000.0,False,https://example.com/jobs/demo_42_0268,demo,7626f420cc8d660e33bc5f77ef037b8e,True,NLP|Python|SQL,,2,3,15,0,12,1,0,1,0,0,0,0,0,0,0.0,0.0,0
demo_42_0269,Analytics Engineer,DemoEmployer_0269,"Analytics Engineer — Python, SQL, cloud. Team builds models and data products. Req id 269.",New York,IN,,211000.0,False,https://example.com/jobs/demo_42_0269,demo,455c3aec52f9fff4e16e2eca75194356,True,Python|SQL,,2,2,15,0,18,1,0,1,0,0,0,0,0,0,0.0,0.0,0
demo_42_0270,Product Analyst,DemoEmployer_0270,"Product Analyst — Python, SQL, cloud. Team builds models and data products. Req id 270.",Singapore,IN,,209000.0,False,https://example.com/jobs/demo_42_0270,demo,86e8b2d8d165bac43787d2f50a5010b2,True,Python|SQL,,2,2,15,0,15,1,0,1,0,0,0,0,0,0,0.0,0.0,0
demo_42_0271,Analytics Engineer,DemoEmployer_0271,"Analytics Engineer — Python, SQL, cloud. Team builds models and data products. Req id 271.",Remote,IN,,211000.0,True,https://example.com/jobs/demo_42_0271,demo,63998380d8613bf0cbe60e7a8c48964d,True,Python|SQL,,2,2,15,0,18,1,0,1,0,0,0,0,0,0,0.0,0.0,0
demo_42_0272,Product Analyst,DemoEmployer_0272,"Product Analyst — Python, SQL, cloud. Team builds models and data products. Req id 272.",Toronto,IN,,211000.0,False,https://example.com/jobs/demo_42_0272,demo,d0f323fb59d7b665ac630c404504b325,True,Python|SQL,,2,2,15,0,15,1,0,1,0,0,0,0,0,0,0.0,0.0,0
demo_42_0273,ML Engineer,DemoEmployer_0273,"ML Engineer — Python, SQL, cloud. Team builds models and data products. Req id 273.",Remote,IN,,211000.0,True,https://example.com/jobs/demo_42_0273,demo,9ad4cdc0947971a05759628d56b72620,True,Python|SQL,,2,2,15,0,11,1,0,1,0,0,0,0,0,0,0.0,0.0,0
demo_42_0274,Mlops Engineer,DemoEmployer_0274,"MLOps Engineer — Python, SQL, cloud. Team builds models and data products. Req id 274.",Berlin,DE,,211000.0,False,https://example.com/jobs/demo_42_0274,demo,cf01405bf5fecadee08c0eac34904526,True,Python|SQL,,2,2,15,0,14,1,0,1,0,0,0,0,0,0,0.0,0.0,0
demo_42_0275,Backend Engineer,DemoEmployer_0275,"Backend Engineer — Python, SQL, cloud. Team builds models and data products. Req id 275.",London,UK,,211000.0,False,https://example.com/jobs/demo_42_0275,demo,52dbd31c63de6b01f845dd6ac3c753bc,True,Python|SQL,,2,2,15,0,16,1,0,1,0,0,0,0,0,0,0.0,0.0,0
demo_42_0276,Data Engineer,DemoEmployer_0276,"Data Engineer — Python, SQL, cloud. Team builds models and data products. Req id 276.",London,UK,,211000.0,False,https://example.com/jobs/demo_42_0276,demo,24560aa2e5b46da1db9e71a5b54bd0eb,True,Python|SQL,,2,2,15,0,13,1,0,1,0,0,0,0,0,0,0.0,0.0,0
demo_42_0277,Backend Engineer,DemoEmployer_0277,"Backend Engineer — Python, SQL, cloud. Team builds models and data products. Req id 277.",Remote,IN,,211000.0,True,https://example.com/jobs/demo_42_0277,demo,433535c76ef5cfdd4ce9664885457879,True,Python|SQL,,2,2,15,0,16,1,0,1,0,0,0,0,0,0,0.0,0.0,0
demo_42_0278,Senior Data Scientist,DemoEmployer_0278,"Senior Data Scientist — Python, SQL, cloud. Team builds models and data products. Req id 278.",Toronto,IN,,211000.0,False,https://example.com/jobs/demo_42_0278,demo,6983b4ca774367161ced7b571d456f04,True,Python|SQL,,3,2,16,0,21,1,0,1,0,0,0,0,0,0,0.0,0.0,0
demo_42_0279,Backend Engineer,DemoEmployer_0279,"Backend Engineer — Python, SQL, cloud. Team builds models and data products. Req id 279.",Berlin,DE,,211000.0,False,https://example.com/jobs/demo_42_0279,demo,dfeecdfd3c2d0560ef0dab07120f109e,True,Python|SQL,,2,2,15,0,16,1,0,1,0,0,0,0,0,0,0.0,0.0,0
demo_42_0280,Backend Engineer,DemoEmployer_0280,"Backend Engineer — Python, SQL, cloud. Team builds models and data products. Req id 280.",Remote,IN,,218000.0,True,https://example.com/jobs/demo_42_0280,demo,47be159d879eabbac4419fe9058d27bf,True,Python|SQL,,2,2,15,0,16,1,0,1,0,0,0,0,0,0,0.0,0.0,0
demo_42_0281,Mlops Engineer,DemoEmployer_0281,"MLOps Engineer — Python, SQL, cloud. Team builds models and data products. Req id 281.",London,UK,,219000.0,False,https://example.com/jobs/demo_42_0281,demo,026b92815d78a8bbd9c458d27bc053b6,True,Python|SQL,,2,2,15,0,14,1,0,1,0,0,0,0,0,0,0.0,0.0,0
demo_42_0282,Analytics Engineer,DemoEmployer_0282,"Analytics Engineer — Python, SQL, cloud. Team builds models and data products. Req id 282.",New York,IN,,207000.0,False,https://example.com/jobs/demo_42_0282,demo,cf41d3c9249b9fec8aa164f0891ccc91,True,Python|SQL,,2,2,15,0,18,1,0,1,0,0,0,0,0,0,0.0,0.0,0
demo_42_0283,Senior Data Scientist,DemoEmployer_0283,"Senior Data Scientist — Python, SQL, cloud. Team builds models and data products. Req id 283.",Toronto,IN,,211000.0,False,https://example.com/jobs/demo_42_0283,demo,507d97c184c313d5f01e6d24c43a5ae3,True,Python|SQL,,3,2,16,0,21,1,0,1,0,0,0,0,0,0,0.0,0.0,0
demo_42_0284,ML Engineer,DemoEmployer_0284,"ML Engineer — Python, SQL, cloud. Team builds models and data products. Req id 284.",Berlin,DE,,211000.0,False,https://example.com/jobs/demo_42_0284,demo,50cadc0bb1fc81d90f46fbafc825c046,True,Python|SQL,,2,2,15,0,11,1,0,1,0,0,0,0,0,0,0.0,0.0,0
demo_42_0285,ML Engineer,DemoEmployer_0285,"ML Engineer — Python, SQL, cloud. Team builds models and data products. Req id 285.",Bangalore,IN,,211000.0,False,https://example.com/jobs/demo_42_0285,demo,7c39dca316960f9bb4913778dc26ea6a,True,Python|SQL,,2,2,15,0,11,1,0,1,0,0,0,0,0,0,0.0,0.0,0
demo_42_0286,ML Engineer,DemoEmployer_0286,"ML Engineer — Python, SQL, cloud. Team builds models and data products. Req id 286.",London,UK,,211000.0,False,https://example.com/jobs/demo_42_0286,demo,812efac4654e8c0351ccb18d6d9bd8f6,True,Python|SQL,,2,2,15,0,11,1,0,1,0,0,0,0,0,0,0.0,0.0,0
demo_42_0287,Backend Engineer,DemoEmployer_0287,"Backend Engineer — Python, SQL, cloud. Team builds models and data products. Req id 287.",Toronto,IN,,211000.0,False,https://example.com/jobs/demo_42_0287,demo,831dc830aed1a5d6e478efb84cd58ef6,True,Python|SQL,,2,2,15,0,16,1,0,1,0,0,0,0,0,0,0.0,0.0,0
demo_42_0288,ML Engineer,DemoEmployer_0288,"ML Engineer — Python, SQL, cloud. Team builds models and data products. Req id 288.",Remote,IN,,211000.0,True,https://example.com/jobs/demo_42_0288,demo,36880428c02739c9a2b8b3898d2fdf5b,True,Python|SQL,,2,2,15,0,11,1,0,1,0,0,0,0,0,0,0.0,0.0,0
demo_42_0289,Backend Engineer,DemoEmployer_0289,"Backend Engineer — Python, SQL, cloud. Team builds models and data products. Req id 289.",Remote,IN,,211000.0,True,https://example.com/jobs/demo_42_0289,demo,95a4fcb949fdfc44a812b5e2ec17c60a,True,Python|SQL,,2,2,15,0,16,1,0,1,0,0,0,0,0,0,0.0,0.0,0
demo_42_0290,Mlops Engineer,DemoEmployer_0290,"MLOps Engineer — Python, SQL, cloud. Team builds models and data products. Req id 290.",Remote,IN,,211000.0,True,https://example.com/jobs/demo_42_0290,demo,fccf909095245b0d06eba1dc01583213,True,Python|SQL,,2,2,15,0,14,1,0,1,0,0,0,0,0,0,0.0,0.0,0
demo_42_0291,Product Analyst,DemoEmployer_0291,"Product Analyst — Python, SQL, cloud. Team builds models and data products. Req id 291.",Remote,IN,,211000.0,True,https://example.com/jobs/demo_42_0291,demo,d3fe913a57b23cbb0be7acc39f448f3c,True,Python|SQL,,2,2,15,0,15,1,0,1,0,0,0,0,0,0,0.0,0.0,0
demo_42_0292,Senior Data Scientist,DemoEmployer_0292,"Senior Data Scientist — Python, SQL, cloud. Team builds models and data products. Req id 292.",Singapore,IN,,211000.0,False,https://example.com/jobs/demo_42_0292,demo,7eab94d0807d5a4383d80d14add3c370,True,Python|SQL,,3,2,16,0,21,1,0,1,0,0,0,0,0,0,0.0,0.0,0
demo_42_0293,Product Analyst,DemoEmployer_0293,"Product Analyst — Python, SQL, cloud. Team builds models and data products. Req id 293.",Remote,UK,,211000.0,True,https://example.com/jobs/demo_42_0293,demo,837b38d5c661feaa9b4f8cd17a2c4f95,True,Python|SQL,,2,2,15,0,15,1,0,1,0,0,0,0,0,0,0.0,0.0,0
demo_42_0294,ML Engineer,DemoEmployer_0294,"ML Engineer — Python, SQL, cloud. Team builds models and data products. Req id 294.",New York,IN,,215000.0,False,https://example.com/jobs/demo_42_0294,demo,9e5199e0d03228a1956d22f29db4dfe6,True,Python|SQL,,2,2,15,0,11,1,0,1,0,0,0,0,0,0,0.0,0.0,0
demo_42_0295,Mlops Engineer,DemoEmployer_0295,"MLOps Engineer — Python, SQL, cloud. Team builds models and data products. Req id 295.",Berlin,DE,,202000.0,False,https://example.com/jobs/demo_42_0295,demo,545c47317e2d474b2c48964b4ba4a378,True,Python|SQL,,2,2,15,0,14,1,0,1,0,0,0,0,0,0,0.0,0.0,0
demo_42_0296,Product Analyst,DemoEmployer_0296,"Product Analyst — Python, SQL, cloud. Team builds models and data products. Req id 296.",Toronto,IN,,211000.0,False,https://example.com/jobs/demo_42_0296,demo,a6bb113ac8df267f2051ad4c2e58c7aa,True,Python|SQL,,2,2,15,0,15,1,0,1,0,0,0,0,0,0,0.0,0.0,0
demo_42_0297,Product Analyst,DemoEmployer_0297,"Product Analyst — Python, SQL, cloud. Team builds models and data products. Req id 297.",Remote,IN,,211000.0,True,https://example.com/jobs/demo_42_0297,demo,09ffccfcd9ca68091fd2e91d050d0dda,True,Python|SQL,,2,2,15,0,15,1,0,1,0,0,0,0,0,0,0.0,0.0,0
demo_42_0298,Data Engineer,DemoEmployer_0298,"Data Engineer — Python, SQL, cloud. Team builds models and data products. Req id 298.",Remote,IN,,211000.0,True,https://example.com/jobs/demo_42_0298,demo,1628c54a19609d3bd8e81c4506e28526,True,Python|SQL,,2,2,15,0,13,1,0,1,0,0,0,0,0,0,0.0,0.0,0
demo_42_0299,NLP Engineer,DemoEmployer_0299,"NLP Engineer — Python, SQL, cloud. Team builds models and data products. Req id 299.",Remote,IN,,211000.0,True,https://example.com/jobs/demo_42_0299,demo,4fe5b0e9ac56ea387c84feedebe06f31,True,NLP|Python|SQL,,2,3,15,0,12,1,0,1,0,0,0,0,0,0,0.0,0.0,0
demo_42_0300,Data Engineer,DemoEmployer_0300,"Data Engineer — Python, SQL, cloud. Team builds models and data products. Req id 300.",Remote,UK,,203000.0,True,https://example.com/jobs/demo_42_0300,demo,5f4cf17ed6dacd4a6ac657e32fae7c96,True,Python|SQL,,2,2,15,0,13,1,0,1,0,0,0,0,0,0,0.0,0.0,0
demo_42_0301,Backend Engineer,DemoEmployer_0301,"Backend Engineer — Python, SQL, cloud. Team builds models and data products. Req id 301.",Singapore,IN,,211000.0,False,https://example.com/jobs/demo_42_0301,demo,692e7a15e0fa781721a73f55a12ff16e,True,Python|SQL,,2,2,15,0,16,1,0,1,0,0,0,0,0,0,0.0,0.0,0
demo_42_0302,Data Engineer,DemoEmployer_0302,"Data Engineer — Python, SQL, cloud. Team builds models and data products. Req id 302.",Singapore,IN,,217000.0,False,https://example.com/jobs/demo_42_0302,demo,5f9cd0c3b81e6852cf95e702156bf7bb,True,Python|SQL,,2,2,15,0,13,1,0,1,0,0,0,0,0,0,0.0,0.0,0
demo_42_0303,Product Analyst,DemoEmployer_0303,"Product Analyst — Python, SQL, cloud. Team builds models and data products. Req id 303.",Bangalore,IN,,205000.0,False,https://example.com/jobs/demo_42_0303,demo,1ff6d002bb0c0854d4981933e7949ae1,True,Python|SQL,,2,2,15,0,15,1,0,1,0,0,0,0,0,0,0.0,0.0,0
demo_42_0304,NLP Engineer,DemoEmployer_0304,"NLP Engineer — Python, SQL, cloud. Team builds models and data products. Req id 304.",Bangalore,IN,,211000.0,False,https://example.com/jobs/demo_42_0304,demo,4d1c3aaea92eada553372c8c8c19ea9d,True,NLP|Python|SQL,,2,3,15,0,12,1,0,1,0,0,0,0,0,0,0.0,0.0,0
demo_42_0305,Analytics Engineer,DemoEmployer_0305,"Analytics Engineer — Python, SQL, cloud. Team builds models and data products. Req id 305.",New York,IN,,211000.0,False,https://example.com/jobs/demo_42_0305,demo,b61ffb0170bede76620b18cba7327994,True,Python|SQL,,2,2,15,0,18,1,0,1,0,0,0,0,0,0,0.0,0.0,0
demo_42_0306,Analytics Engineer,DemoEmployer_0306,"Analytics Engineer — Python, SQL, cloud. Team builds models and data products. Req id 306.",Toronto,IN,,211000.0,False,https://example.com/jobs/demo_42_0306,demo,e83af269bf47a36f207a4460a47863d6,True,Python|SQL,,2,2,15,0,18,1,0,1,0,0,0,0,0,0,0.0,0.0,0
demo_42_0307,Mlops Engineer,DemoEmployer_0307,"MLOps Engineer — Python, SQL, cloud. Team builds models and data products. Req id 307.",Bangalore,IN,,211000.0,False,https://example.com/jobs/demo_42_0307,demo,034dc41529f266974f5cd75a7661c53f,True,Python|SQL,,2,2,15,0,14,1,0,1,0,0,0,0,0,0,0.0,0.0,0
demo_42_0308,Mlops Engineer,DemoEmployer_0308,"MLOps Engineer — Python, SQL, cloud. Team builds models and data products. Req id 308.",Berlin,DE,,211000.0,False,https://example.com/jobs/demo_42_0308,demo,6835c11ad13edfaf5bdd384f976d8a9a,True,Python|SQL,,2,2,15,0,14,1,0,1,0,0,0,0,0,0,0.0,0.0,0
demo_42_0309,Senior Data Scientist,DemoEmployer_0309,"Senior Data Scientist — Python, SQL, cloud. Team builds models and data products. Req id 309.",Toronto,IN,,211000.0,False,https://example.com/jobs/demo_42_0309,demo,168ffb5aff6b087d3926875c785ebfd8,True,Python|SQL,,3,2,16,0,21,1,0,1,0,0,0,0,0,0,0.0,0.0,0
demo_42_0310,Data Engineer,DemoEmployer_0310,"Data Engineer — Python, SQL, cloud. Team builds models and data products. Req id 310.",Remote,IN,,211000.0,True,https://example.com/jobs/demo_42_0310,demo,6fb5ee59b90fba36eb28ec27d6c5abf8,True,Python|SQL,,2,2,15,0,13,1,0,1,0,0,0,0,0,0,0.0,0.0,0
demo_42_0311,Data Engineer,DemoEmployer_0311,"Data Engineer — Python, SQL, cloud. Team builds models and data products. Req id 311.",Berlin,DE,,211000.0,False,https://example.com/jobs/demo_42_0311,demo,6ac500aa89dfbd9e1cd99dfe8e32e102,True,Python|SQL,,2,2,15,0,13,1,0,1,0,0,0,0,0,0,0.0,0.0,0
demo_42_0312,Senior Data Scientist,DemoEmployer_0312,"Senior Data Scientist — Python, SQL, cloud. Team builds models and data products. Req id 312.",Remote,IN,,211000.0,True,https://example.com/jobs/demo_42_0312,demo,1aa47d8a6f286ca8807a254247136b8b,True,Python|SQL,,3,2,16,0,21,1,0,1,0,0,0,0,0,0,0.0,0.0,0
demo_42_0313,ML Engineer,DemoEmployer_0313,"ML Engineer — Python, SQL, cloud. Team builds models and data products. Req id 313.",London,UK,,214000.0,False,https://example.com/jobs/demo_42_0313,demo,b647328a559d9da8d125805f5576b2e9,True,Python|SQL,,2,2,15,0,11,1,0,1,0,0,0,0,0,0,0.0,0.0,0
demo_42_0314,ML Engineer,DemoEmployer_0314,"ML Engineer — Python, SQL, cloud. Team builds models and data products. Req id 314.",New York,IN,,211000.0,False,https://example.com/jobs/demo_42_0314,demo,1df60bc85aedb516686cfb6fb99b5bf1,True,Python|SQL,,2,2,15,0,11,1,0,1,0,0,0,0,0,0,0.0,0.0,0
demo_42_0315,ML Engineer,DemoEmployer_0315,"ML Engineer — Python, SQL, cloud. Team builds models and data products. Req id 315.",Berlin,DE,,211000.0,False,https://example.com/jobs/demo_42_0315,demo,a926bab863ad3e2f59a9adbe70c0d959,True,Python|SQL,,2,2,15,0,11,1,0,1,0,0,0,0,0,0,0.0,0.0,0
demo_42_0316,Mlops Engineer,DemoEmployer_0316,"MLOps Engineer — Python, SQL, cloud. Team builds models and data products. Req id 316.",Remote,IN,,218000.0,True,https://example.com/jobs/demo_42_0316,demo,e8d5ea835bf1d9c90996dcf7030c3491,True,Python|SQL,,2,2,15,0,14,1,0,1,0,0,0,0,0,0,0.0,0.0,0
demo_42_0317,Analytics Engineer,DemoEmployer_0317,"Analytics Engineer — Python, SQL, cloud. Team builds models and data products. Req id 317.",Remote,IN,,211000.0,True,https://example.com/jobs/demo_42_0317,demo,a5175b71f7e0fb9a419ab6a01e56b348,True,Python|SQL,,2,2,15,0,18,1,0,1,0,0,0,0,0,0,0.0,0.0,0
demo_42_0318,Data Engineer,DemoEmployer_0318,"Data Engineer — Python, SQL, cloud. Team builds models and data products. Req id 318.",London,UK,,211000.0,False,https://example.com/jobs/demo_42_0318,demo,5f572e55171c79f4a7f68748082b8082,True,Python|SQL,,2,2,15,0,13,1,0,1,0,0,0,0,0,0,0.0,0.0,0
demo_42_0319,Data Engineer,DemoEmployer_0319,"Data Engineer — Python, SQL, cloud. Team builds models and data products. Req id 319.",Remote,UK,,211000.0,True,https://example.com/jobs/demo_42_0319,demo,989fe9889f9747ff675e81d2fccbcf3d,True,Python|SQL,,2,2,15,0,13,1,0,1,0,0,0,0,0,0,0.0,0.0,0
demo_42_0320,Data Engineer,DemoEmployer_0320,"Data Engineer — Python, SQL, cloud. Team builds models and data products. Req id 320.",Remote,IN,,211000.0,True,https://example.com/jobs/demo_42_0320,demo,dd465bff66075f1b1abf8ccaebafdb7a,True,Python|SQL,,2,2,15,0,13,1,0,1,0,0,0,0,0,0,0.0,0.0,0
demo_42_0321,Senior Data Scientist,DemoEmployer_0321,"Senior Data Scientist — Python, SQL, cloud. Team builds models and data products. Req id 321.",Berlin,DE,,201000.0,False,https://example.com/jobs/demo_42_0321,demo,04b91cdca00923f57d04ddf5bcc0047d,True,Python|SQL,,3,2,16,0,21,1,0,1,0,0,0,0,0,0,0.0,0.0,0
demo_42_0322,Mlops Engineer,DemoEmployer_0322,"MLOps Engineer — Python, SQL, cloud. Team builds models and data products. Req id 322.",Remote,IN,,211000.0,True,https://example.com/jobs/demo_42_0322,demo,5cdb27c55ba1a7aa9e24e8b3762d81e0,True,Python|SQL,,2,2,15,0,14,1,0,1,0,0,0,0,0,0,0.0,0.0,0
demo_42_0323,Backend Engineer,DemoEmployer_0323,"Backend Engineer — Python, SQL, cloud. Team builds models and data products. Req id 323.",Bangalore,IN,,211000.0,False,https://example.com/jobs/demo_42_0323,demo,1005bcebd7b94ed3673f57d850f3cb94,True,Python|SQL,,2,2,15,0,16,1,0,1,0,0,0,0,0,0,0.0,0.0,0
demo_42_0324,Senior Data Scientist,DemoEmployer_0324,"Senior Data Scientist — Python, SQL, cloud. Team builds models and data products. Req id 324.",Singapore,IN,,212000.0,False,https://example.com/jobs/demo_42_0324,demo,54971271b311de045898a91ad4b28ee7,True,Python|SQL,,3,2,16,0,21,1,0,1,0,0,0,0,0,0,0.0,0.0,0
demo_42_0325,Data Engineer,DemoEmployer_0325,"Data Engineer — Python, SQL, cloud. Team builds models and data products. Req id 325.",Remote,UK,,211000.0,True,https://example.com/jobs/demo_42_0325,demo,a91f3b835f531bffc13b830fb09f75ed,True,Python|SQL,,2,2,15,0,13,1,0,1,0,0,0,0,0,0,0.0,0.0,0
demo_42_0326,Data Engineer,DemoEmployer_0326,"Data Engineer — Python, SQL, cloud. Team builds models and data products. Req id 326.",Remote,DE,,211000.0,True,https://example.com/jobs/demo_42_0326,demo,a9b86a0abdf1818f8760f33d123113c7,True,Python|SQL,,2,2,15,0,13,1,0,1,0,0,0,0,0,0,0.0,0.0,0
demo_42_0327,NLP Engineer,DemoEmployer_0327,"NLP Engineer — Python, SQL, cloud. Team builds models and data products. Req id 327.",Bangalore,IN,,211000.0,False,https://example.com/jobs/demo_42_0327,demo,827c8afa7164af5cfa05b7f24c1a0cfd,True,NLP|Python|SQL,,2,3,15,0,12,1,0,1,0,0,0,0,0,0,0.0,0.0,0
demo_42_0328,Product Analyst,DemoEmployer_0328,"Product Analyst — Python, SQL, cloud. Team builds models and data products. Req id 328.",Remote,IN,,204000.0,True,https://example.com/jobs/demo_42_0328,demo,e67e5f1c9f182efd4bcc03f62e9f4f9b,True,Python|SQL,,2,2,15,0,15,1,0,1,0,0,0,0,0,0,0.0,0.0,0
demo_42_0329,NLP Engineer,DemoEmployer_0329,"NLP Engineer — Python, SQL, cloud. Team builds models and data products. Req id 329.",Bangalore,IN,,211000.0,False,https://example.com/jobs/demo_42_0329,demo,08142d509aba0a9e66a9ce43b619e875,True,NLP|Python|SQL,,2,3,15,0,12,1,0,1,0,0,0,0,0,0,0.0,0.0,0
demo_42_0330,Mlops Engineer,DemoEmployer_0330,"MLOps Engineer — Python, SQL, cloud. Team builds models and data products. Req id 330.",Berlin,DE,,212000.0,False,https://example.com/jobs/demo_42_0330,demo,0424015c6150f28655be7facbccbefb3,True,Python|SQL,,2,2,15,0,14,1,0,1,0,0,0,0,0,0,0.0,0.0,0
demo_42_0331,Senior Data Scientist,DemoEmployer_0331,"Senior Data Scientist — Python, SQL, cloud. Team builds models and data products. Req id 331.",Remote,IN,,211000.0,True,https://example.com/jobs/demo_42_0331,demo,b4dbd26aab6510be304b143e31e69623,True,Python|SQL,,3,2,16,0,21,1,0,1,0,0,0,0,0,0,0.0,0.0,0
demo_42_0332,Mlops Engineer,DemoEmployer_0332,"MLOps Engineer — Python, SQL, cloud. Team builds models and data products. Req id 332.",Remote,IN,,211000.0,True,https://example.com/jobs/demo_42_0332,demo,0c49bd07c4e5ddc42c03f3ee05091535,True,Python|SQL,,2,2,15,0,14,1,0,1,0,0,0,0,0,0,0.0,0.0,0
demo_42_0333,Data Engineer,DemoEmployer_0333,"Data Engineer — Python, SQL, cloud. Team builds models and data products. Req id 333.",Remote,IN,,211000.0,True,https://example.com/jobs/demo_42_0333,demo,f73b90af21da34f3c2f5a27d51fbf374,True,Python|SQL,,2,2,15,0,13,1,0,1,0,0,0,0,0,0,0.0,0.0,0
demo_42_0334,Mlops Engineer,DemoEmployer_0334,"MLOps Engineer — Python, SQL, cloud. Team builds models and data products. Req id 334.",London,UK,,214000.0,False,https://example.com/jobs/demo_42_0334,demo,34c082627ff3fd86b4bc594b2041418a,True,Python|SQL,,2,2,15,0,14,1,0,1,0,0,0,0,0,0,0.0,0.0,0
demo_42_0335,Senior Data Scientist,DemoEmployer_0335,"Senior Data Scientist — Python, SQL, cloud. Team builds models and data products. Req id 335.",Remote,IN,,214000.0,True,https://example.com/jobs/demo_42_0335,demo,d7d6f1f4914aeaa1af8d2798467dd2bd,True,Python|SQL,,3,2,16,0,21,1,0,1,0,0,0,0,0,0,0.0,0.0,0
demo_42_0336,ML Engineer,DemoEmployer_0336,"ML Engineer — Python, SQL, cloud. Team builds models and data products. Req id 336.",Berlin,DE,,211000.0,False,https://example.com/jobs/demo_42_0336,demo,14fa7b87e54975b312adfa3796d73936,True,Python|SQL,,2,2,15,0,11,1,0,1,0,0,0,0,0,0,0.0,0.0,0
demo_42_0337,ML Engineer,DemoEmployer_0337,"ML Engineer — Python, SQL, cloud. Team builds models and data products. Req id 337.",Berlin,DE,,211000.0,False,https://example.com/jobs/demo_42_0337,demo,a7e20094dd8207085084546eaa73c73d,True,Python|SQL,,2,2,15,0,11,1,0,1,0,0,0,0,0,0,0.0,0.0,0
demo_42_0338,ML Engineer,DemoEmployer_0338,"ML Engineer — Python, SQL, cloud. Team builds models and data products. Req id 338.",Toronto,IN,,211000.0,False,https://example.com/jobs/demo_42_0338,demo,a26b76cb77f25739550a73296cb2e351,True,Python|SQL,,2,2,15,0,11,1,0,1,0,0,0,0,0,0,0.0,0.0,0
demo_42_0339,Senior Data Scientist,DemoEmployer_0339,"Senior Data Scientist — Python, SQL, cloud. Team builds models and data products. Req id 339.",Remote,IN,,211000.0,True,https://example.com/jobs/demo_42_0339,demo,4e099de9aef83a25e706604364fee109,True,Python|SQL,,3,2,16,0,21,1,0,1,0,0,0,0,0,0,0.0,0.0,0
demo_42_0340,Analytics Engineer,DemoEmployer_0340,"Analytics Engineer — Python, SQL, cloud. Team builds models and data products. Req id 340.",Remote,IN,,211000.0,True,https://example.com/jobs/demo_42_0340,demo,e380de814d04832c7d157d8e8fd18b59,True,Python|SQL,,2,2,15,0,18,1,0,1,0,0,0,0,0,0,0.0,0.0,0
demo_42_0341,Backend Engineer,DemoEmployer_0341,"Backend Engineer — Python, SQL, cloud. Team builds models and data products. Req id 341.",Remote,IN,,211000.0,True,https://example.com/jobs/demo_42_0341,demo,bee1804a9546197ab9b9b723791dd3c8,True,Python|SQL,,2,2,15,0,16,1,0,1,0,0,0,0,0,0,0.0,0.0,0
demo_42_0342,Mlops Engineer,DemoEmployer_0342,"MLOps Engineer — Python, SQL, cloud. Team builds models and data products. Req id 342.",Remote,IN,,211000.0,True,https://example.com/jobs/demo_42_0342,demo,ae94b69b1f8b4b0241866b2f68cb3302,True,Python|SQL,,2,2,15,0,14,1,0,1,0,0,0,0,0,0,0.0,0.0,0
demo_42_0343,Backend Engineer,DemoEmployer_0343,"Backend Engineer — Python, SQL, cloud. Team builds models and data products. Req id 343.",Toronto,IN,,211000.0,False,https://example.com/jobs/demo_42_0343,demo,c643ed368fc1d7532301956c68209037,True,Python|SQL,,2,2,15,0,16,1,0,1,0,0,0,0,0,0,0.0,0.0,0
demo_42_0344,Product Analyst,DemoEmployer_0344,"Product Analyst — Python, SQL, cloud. Team builds models and data products. Req id 344.",Remote,IN,,211000.0,True,https://example.com/jobs/demo_42_0344,demo,1fe0b731945ad7b95c8f3bdbf8ffe2cf,True,Python|SQL,,2,2,15,0,15,1,0,1,0,0,0,0,0,0,0.0,0.0,0
demo_42_0345,Senior Data Scientist,DemoEmployer_0345,"Senior Data Scientist — Python, SQL, cloud. Team builds models and data products. Req id 345.",Remote,IN,,211000.0,True,https://example.com/jobs/demo_42_0345,demo,4f277ba1ff458f1c9812319e0b085306,True,Python|SQL,,3,2,16,0,21,1,0,1,0,0,0,0,0,0,0.0,0.0,0
demo_42_0346,ML Engineer,DemoEmployer_0346,"ML Engineer — Python, SQL, cloud. Team builds models and data products. Req id 346.",Toronto,IN,,211000.0,False,https://example.com/jobs/demo_42_0346,demo,3631bc8ac14dfc2f162acf463131f84c,True,Python|SQL,,2,2,15,0,11,1,0,1,0,0,0,0,0,0,0.0,0.0,0
demo_42_0347,Backend Engineer,DemoEmployer_0347,"Backend Engineer — Python, SQL, cloud. Team builds models and data products. Req id 347.",Remote,UK,,211000.0,True,https://example.com/jobs/demo_42_0347,demo,389a14b95d9b5971677a005366b857df,True,Python|SQL,,2,2,15,0,16,1,0,1,0,0,0,0,0,0,0.0,0.0,0
demo_42_0348,Product Analyst,DemoEmployer_0348,"Product Analyst — Python, SQL, cloud. Team builds models and data products. Req id 348.",London,UK,,211000.0,False,https://example.com/jobs/demo_42_0348,demo,b8e4647fda95cbe453df96a56606f9df,True,Python|SQL,,2,2,15,0,15,1,0,1,0,0,0,0,0,0,0.0,0.0,0
demo_42_0349,Data Engineer,DemoEmployer_0349,"Data Engineer — Python, SQL, cloud. Team builds models and data products. Req id 349.",Berlin,DE,,211000.0,False,https://example.com/jobs/demo_42_0349,demo,94e134712d8ce52bed55d0b30e6ef1a8,True,Python|SQL,,2,2,15,0,13,1,0,1,0,0,0,0,0,0,0.0,0.0,0
demo_42_0350,ML Engineer,DemoEmployer_0350,"ML Engineer — Python, SQL, cloud. Team builds models and data products. Req id 350.",Toronto,IN,,211000.0,False,https://example.com/jobs/demo_42_0350,demo,6096cc9d74b02cf431dea31857dc4adb,True,Python|SQL,,2,2,15,0,11,1,0,1,0,0,0,0,0,0,0.0,0.0,0
demo_42_0351,NLP Engineer,DemoEmployer_0351,"NLP Engineer — Python, SQL, cloud. Team builds models and data products. Req id 351.",Remote,IN,,211000.0,True,https://example.com/jobs/demo_42_0351,demo,16ef7e50987c57949a8b533a9de6e54d,True,NLP|Python|SQL,,2,3,15,0,12,1,0,1,0,0,0,0,0,0,0.0,0.0,0
demo_42_0352,NLP Engineer,DemoEmployer_0352,"NLP Engineer — Python, SQL, cloud. Team builds models and data products. Req id 352.",New York,IN,,213000.0,False,https://example.com/jobs/demo_42_0352,demo,036ddd1ed80678f9076d91b48ca64c30,True,NLP|Python|SQL,,2,3,15,0,12,1,0,1,0,0,0,0,0,0,0.0,0.0,0
demo_42_0353,Analytics Engineer,DemoEmployer_0353,"Analytics Engineer — Python, SQL, cloud. Team builds models and data products. Req id 353.",Bangalore,IN,,211000.0,False,https://example.com/jobs/demo_42_0353,demo,90a752f75285ca9620fe1c5b321f5e4d,True,Python|SQL,,2,2,15,0,18,1,0,1,0,0,0,0,0,0,0.0,0.0,0
demo_42_0354,Product Analyst,DemoEmployer_0354,"Product Analyst — Python, SQL, cloud. Team builds models and data products. Req id 354.",Singapore,IN,,211000.0,False,https://example.com/jobs/demo_42_0354,demo,886e54b880c09a9e4155107c0f9a47c3,True,Python|SQL,,2,2,15,0,15,1,0,1,0,0,0,0,0,0,0.0,0.0,0
demo_42_0355,Mlops Engineer,DemoEmployer_0355,"MLOps Engineer — Python, SQL, cloud. Team builds models and data products. Req id 355.",Remote,IN,,218000.0,True,https://example.com/jobs/demo_42_0355,demo,5b1cd81752b474c3644eae948207f900,True,Python|SQL,,2,2,15,0,14,1,0,1,0,0,0,0,0,0,0.0,0.0,0
demo_42_0356,Data Engineer,DemoEmployer_0356,"Data Engineer — Python, SQL, cloud. Team builds models and data products. Req id 356.",Remote,IN,,211000.0,True,https://example.com/jobs/demo_42_0356,demo,cc2c28755d68bb5dcfea8e70b5ebf60e,True,Python|SQL,,2,2,15,0,13,1,0,1,0,0,0,0,0,0,0.0,0.0,0
demo_42_0357,ML Engineer,DemoEmployer_0357,"ML Engineer — Python, SQL, cloud. Team builds models and data products. Req id 357.",Remote,IN,,211000.0,True,https://example.com/jobs/demo_42_0357,demo,4bc1a69d6cf16d6ebc66bb34c2187d5d,True,Python|SQL,,2,2,15,0,11,1,0,1,0,0,0,0,0,0,0.0,0.0,0
demo_42_0358,NLP Engineer,DemoEmployer_0358,"NLP Engineer — Python, SQL, cloud. Team builds models and data products. Req id 358.",Singapore,IN,,211000.0,False,https://example.com/jobs/demo_42_0358,demo,6091b774393e391a1ff8d7ec29400d8b,True,NLP|Python|SQL,,2,3,15,0,12,1,0,1,0,0,0,0,0,0,0.0,0.0,0
demo_42_0359,ML Engineer,DemoEmployer_0359,"ML Engineer — Python, SQL, cloud. Team builds models and data products. Req id 359.",Singapore,IN,,208000.0,False,https://example.com/jobs/demo_42_0359,demo,94cbcb316c4c3440862e40ff056fc2ef,True,Python|SQL,,2,2,15,0,11,1,0,1,0,0,0,0,0,0,0.0,0.0,0
demo_42_0360,Mlops Engineer,DemoEmployer_0360,"MLOps Engineer — Python, SQL, cloud. Team builds models and data products. Req id 360.",Bangalore,IN,,211000.0,False,https://example.com/jobs/demo_42_0360,demo,20d6d4ffa3f97270592739dcf6110fe6,True,Python|SQL,,2,2,15,0,14,1,0,1,0,0,0,0,0,0,0.0,0.0,0
demo_42_0361,NLP Engineer,DemoEmployer_0361,"NLP Engineer — Python, SQL, cloud. Team builds models and data products. Req id 361.",Bangalore,IN,,211000.0,False,https://example.com/jobs/demo_42_0361,demo,d6614e713c8179423ccdc96c1ec4203b,True,NLP|Python|SQL,,2,3,15,0,12,1,0,1,0,0,0,0,0,0,0.0,0.0,0
demo_42_0362,Backend Engineer,DemoEmployer_0362,"Backend Engineer — Python, SQL, cloud. Team builds models and data products. Req id 362.",London,UK,,211000.0,False,https://example.com/jobs/demo_42_0362,demo,dc5a3fb4634195692858ce8b30bf67e6,True,Python|SQL,,2,2,15,0,16,1,0,1,0,0,0,0,0,0,0.0,0.0,0
demo_42_0363,NLP Engineer,DemoEmployer_0363,"NLP Engineer — Python, SQL, cloud. Team builds models and data products. Req id 363.",New York,IN,,211000.0,False,https://example.com/jobs/demo_42_0363,demo,3f62838849222e196f61e72ba116bfb6,True,NLP|Python|SQL,,2,3,15,0,12,1,0,1,0,0,0,0,0,0,0.0,0.0,0
demo_42_0364,Backend Engineer,DemoEmployer_0364,"Backend Engineer — Python, SQL, cloud. Team builds models and data products. Req id 364.",Remote,DE,,202000.0,True,https://example.com/jobs/demo_42_0364,demo,df8290f8fd41624ee6e43974454d847c,True,Python|SQL,,2,2,15,0,16,1,0,1,0,0,0,0,0,0,0.0,0.0,0
demo_42_0365,Backend Engineer,DemoEmployer_0365,"Backend Engineer — Python, SQL, cloud. Team builds models and data products. Req id 365.",Berlin,DE,,211000.0,False,https://example.com/jobs/demo_42_0365,demo,fbade6512ca8ce18a9a39f7d8c85fd22,True,Python|SQL,,2,2,15,0,16,1,0,1,0,0,0,0,0,0,0.0,0.0,0
demo_42_0366,Backend Engineer,DemoEmployer_0366,"Backend Engineer — Python, SQL, cloud. Team builds models and data products. Req id 366.",Berlin,DE,,211000.0,False,https://example.com/jobs/demo_42_0366,demo,360522d22347ac92f402a469e31f286a,True,Python|SQL,,2,2,15,0,16,1,0,1,0,0,0,0,0,0,0.0,0.0,0
demo_42_0367,Mlops Engineer,DemoEmployer_0367,"MLOps Engineer — Python, SQL, cloud. Team builds models and data products. Req id 367.",Remote,IN,,211000.0,True,https://example.com/jobs/demo_42_0367,demo,4a31829504b4f5bb1637035913097ec8,True,Python|SQL,,2,2,15,0,14,1,0,1,0,0,0,0,0,0,0.0,0.0,0
demo_42_0368,Product Analyst,DemoEmployer_0368,"Product Analyst — Python, SQL, cloud. Team builds models and data products. Req id 368.",Remote,IN,,211000.0,True,https://example.com/jobs/demo_42_0368,demo,ec1db5ae6e6481a84fcbb27afcbb5a9c,True,Python|SQL,,2,2,15,0,15,1,0,1,0,0,0,0,0,0,0.0,0.0,0
demo_42_0369,Backend Engineer,DemoEmployer_0369,"Backend Engineer — Python, SQL, cloud. Team builds models and data products. Req id 369.",Toronto,IN,,211000.0,False,https://example.com/jobs/demo_42_0369,demo,e360a936b66ded6d45b70975f9cc1618,True,Python|SQL,,2,2,15,0,16,1,0,1,0,0,0,0,0,0,0.0,0.0,0
demo_42_0370,Mlops Engineer,DemoEmployer_0370,"MLOps Engineer — Python, SQL, cloud. Team builds models and data products. Req id 370.",New York,IN,,217000.0,False,https://example.com/jobs/demo_42_0370,demo,d2adb857820f39c6e9d7a7235d51d195,True,Python|SQL,,2,2,15,0,14,1,0,1,0,0,0,0,0,0,0.0,0.0,0
demo_42_0371,Analytics Engineer,DemoEmployer_0371,"Analytics Engineer — Python, SQL, cloud. Team builds models and data products. Req id 371.",Bangalore,IN,,211000.0,False,https://example.com/jobs/demo_42_0371,demo,63ac75a68910f039890457ed269ff907,True,Python|SQL,,2,2,15,0,18,1,0,1,0,0,0,0,0,0,0.0,0.0,0
demo_42_0372,Analytics Engineer,DemoEmployer_0372,"Analytics Engineer — Python, SQL, cloud. Team builds models and data products. Req id 372.",Remote,IN,,211000.0,True,https://example.com/jobs/demo_42_0372,demo,5c53c3c35d7b6e6534f4b16534b2d9ba,True,Python|SQL,,2,2,15,0,18,1,0,1,0,0,0,0,0,0,0.0,0.0,0
demo_42_0373,Mlops Engineer,DemoEmployer_0373,"MLOps Engineer — Python, SQL, cloud. Team builds models and data products. Req id 373.",Remote,IN,,211000.0,True,https://example.com/jobs/demo_42_0373,demo,d94d1a2e29c611d1044aeaf7d0530a31,True,Python|SQL,,2,2,15,0,14,1,0,1,0,0,0,0,0,0,0.0,0.0,0
demo_42_0374,Backend Engineer,DemoEmployer_0374,"Backend Engineer — Python, SQL, cloud. Team builds models and data products. Req id 374.",Singapore,IN,,211000.0,False,https://example.com/jobs/demo_42_0374,demo,7339c4606e7a4f38fca5e58bb12490b2,True,Python|SQL,,2,2,15,0,16,1,0,1,0,0,0,0,0,0,0.0,0.0,0
demo_42_0375,NLP Engineer,DemoEmployer_0375,"NLP Engineer — Python, SQL, cloud. Team builds models and data products. Req id 375.",Remote,IN,,211000.0,True,https://example.com/jobs/demo_42_0375,demo,19e1d7c88e6531001fbcc8ce66707a42,True,NLP|Python|SQL,,2,3,15,0,12,1,0,1,0,0,0,0,0,0,0.0,0.0,0
demo_42_0376,Backend Engineer,DemoEmployer_0376,"Backend Engineer — Python, SQL, cloud. Team builds models and data products. Req id 376.",Bangalore,IN,,209000.0,False,https://example.com/jobs/demo_42_0376,demo,c0d7e1ab05a7fbcda171b2be5c7dd3c8,True,Python|SQL,,2,2,15,0,16,1,0,1,0,0,0,0,0,0,0.0,0.0,0
demo_42_0377,Product Analyst,DemoEmployer_0377,"Product Analyst — Python, SQL, cloud. Team builds models and data products. Req id 377.",Remote,IN,,217000.0,True,https://example.com/jobs/demo_42_0377,demo,01748ee7e02a6644da1d48a4c72d16c0,True,Python|SQL,,2,2,15,0,15,1,0,1,0,0,0,0,0,0,0.0,0.0,0
demo_42_0378,Senior Data Scientist,DemoEmployer_0378,"Senior Data Scientist — Python, SQL, cloud. Team builds models and data products. Req id 378.",Remote,IN,,211000.0,True,https://example.com/jobs/demo_42_0378,demo,73367836eee01c0d38fb9eeecc65c3e3,True,Python|SQL,,3,2,16,0,21,1,0,1,0,0,0,0,0,0,0.0,0.0,0
demo_42_0379,Senior Data Scientist,DemoEmployer_0379,"Senior Data Scientist — Python, SQL, cloud. Team builds models and data products. Req id 379.",Remote,IN,,211000.0,True,https://example.com/jobs/demo_42_0379,demo,64ac891d8fd72699da38c563866340ae,True,Python|SQL,,3,2,16,0,21,1,0,1,0,0,0,0,0,0,0.0,0.0,0
demo_42_0380,NLP Engineer,DemoEmployer_0380,"NLP Engineer — Python, SQL, cloud. Team builds models and data products. Req id 380.",Berlin,DE,,211000.0,False,https://example.com/jobs/demo_42_0380,demo,22785b5d2e5b6620c20b3ac6dd222708,True,NLP|Python|SQL,,2,3,15,0,12,1,0,1,0,0,0,0,0,0,0.0,0.0,0
demo_42_0381,Mlops Engineer,DemoEmployer_0381,"MLOps Engineer — Python, SQL, cloud. Team builds models and data products. Req id 381.",Berlin,DE,,211000.0,False,https://example.com/jobs/demo_42_0381,demo,cd1f54e42c23ca1f3611adc25d2f6c15,True,Python|SQL,,2,2,15,0,14,1,0,1,0,0,0,0,0,0,0.0,0.0,0
demo_42_0382,Mlops Engineer,DemoEmployer_0382,"MLOps Engineer — Python, SQL, cloud. Team builds models and data products. Req id 382.",Remote,DE,,202000.0,True,https://example.com/jobs/demo_42_0382,demo,268f96c024aec304981648120ae57b2f,True,Python|SQL,,2,2,15,0,14,1,0,1,0,0,0,0,0,0,0.0,0.0,0
demo_42_0383,Analytics Engineer,DemoEmployer_0383,"Analytics Engineer — Python, SQL, cloud. Team builds models and data products. Req id 383.",Berlin,DE,,211000.0,False,https://example.com/jobs/demo_42_0383,demo,716fc07f7b31c412cb5e6be36923602d,True,Python|SQL,,2,2,15,0,18,1,0,1,0,0,0,0,0,0,0.0,0.0,0
demo_42_0384,Data Engineer,DemoEmployer_0384,"Data Engineer — Python, SQL, cloud. Team builds models and data products. Req id 384.",Remote,IN,,211000.0,True,https://example.com/jobs/demo_42_0384,demo,32fb917a2fdab20c5378cc3019ee4bf9,True,Python|SQL,,2,2,15,0,13,1,0,1,0,0,0,0,0,0,0.0,0.0,0
demo_42_0385,NLP Engineer,DemoEmployer_0385,"NLP Engineer — Python, SQL, cloud. Team builds models and data products. Req id 385.",Singapore,IN,,211000.0,False,https://example.com/jobs/demo_42_0385,demo,3c0b1ad98ce75ccb566e7e0b14ded368,True,NLP|Python|SQL,,2,3,15,0,12,1,0,1,0,0,0,0,0,0,0.0,0.0,0
demo_42_0386,Data Engineer,DemoEmployer_0386,"Data Engineer — Python, SQL, cloud. Team builds models and data products. Req id 386.",Toronto,IN,,211000.0,False,https://example.com/jobs/demo_42_0386,demo,04cb6b0cc9ce2783f69236f74f0807d1,True,Python|SQL,,2,2,15,0,13,1,0,1,0,0,0,0,0,0,0.0,0.0,0
demo_42_0387,Senior Data Scientist,DemoEmployer_0387,"Senior Data Scientist — Python, SQL, cloud. Team builds models and data products. Req id 387.",Bangalore,IN,,211000.0,False,https://example.com/jobs/demo_42_0387,demo,ecbc0ed83395d3bd37809d43995350f8,True,Python|SQL,,3,2,16,0,21,1,0,1,0,0,0,0,0,0,0.0,0.0,0
demo_42_0388,Mlops Engineer,DemoEmployer_0388,"MLOps Engineer — Python, SQL, cloud. Team builds models and data products. Req id 388.",Toronto,IN,,211000.0,False,https://example.com/jobs/demo_42_0388,demo,ca5c18cd2cf4674309812f515bf99f6a,True,Python|SQL,,2,2,15,0,14,1,0,1,0,0,0,0,0,0,0.0,0.0,0
demo_42_0389,Analytics Engineer,DemoEmployer_0389,"Analytics Engineer — Python, SQL, cloud. Team builds models and data products. Req id 389.",Singapore,IN,,205000.0,False,https://example.com/jobs/demo_42_0389,demo,9ed527dfe0d6220e8785676faadf7ba9,True,Python|SQL,,2,2,15,0,18,1,0,1,0,0,0,0,0,0,0.0,0.0,0
demo_42_0390,ML Engineer,DemoEmployer_0390,"ML Engineer — Python, SQL, cloud. Team builds models and data products. Req id 390.",New York,IN,,211000.0,False,https://example.com/jobs/demo_42_0390,demo,346765acb1d0eaecea771677ffae1760,True,Python|SQL,,2,2,15,0,11,1,0,1,0,0,0,0,0,0,0.0,0.0,0
demo_42_0391,Analytics Engineer,DemoEmployer_0391,"Analytics Engineer — Python, SQL, cloud. Team builds models and data products. Req id 391.",Berlin,DE,,211000.0,False,https://example.com/jobs/demo_42_0391,demo,42c20ebb066d95b522d649cc6b3d4b50,True,Python|SQL,,2,2,15,0,18,1,0,1,0,0,0,0,0,0,0.0,0.0,0
demo_42_0392,ML Engineer,DemoEmployer_0392,"ML Engineer — Python, SQL, cloud. Team builds models and data products. Req id 392.",Remote,IN,,211000.0,True,https://example.com/jobs/demo_42_0392,demo,cb8430dded9f7ddbf3811b99c495fef7,True,Python|SQL,,2,2,15,0,11,1,0,1,0,0,0,0,0,0,0.0,0.0,0
demo_42_0393,Backend Engineer,DemoEmployer_0393,"Backend Engineer — Python, SQL, cloud. Team builds models and data products. Req id 393.",Remote,IN,,219000.0,True,https://example.com/jobs/demo_42_0393,demo,db9673ca828f3fe3851a0f5cfdd5fbce,True,Python|SQL,,2,2,15,0,16,1,0,1,0,0,0,0,0,0,0.0,0.0,0
demo_42_0394,Senior Data Scientist,DemoEmployer_0394,"Senior Data Scientist — Python, SQL, cloud. Team builds models and data products. Req id 394.",Remote,IN,,211000.0,True,https://example.com/jobs/demo_42_0394,demo,aa11db5ad8d5335d4419d2d58a7071e9,True,Python|SQL,,3,2,16,0,21,1,0,1,0,0,0,0,0,0,0.0,0.0,0
demo_42_0395,NLP Engineer,DemoEmployer_0395,"NLP Engineer — Python, SQL, cloud. Team builds models and data products. Req id 395.",Remote,IN,,211000.0,True,https://example.com/jobs/demo_42_0395,demo,82ccaa58649949a4989c5e1aca0c1feb,True,NLP|Python|SQL,,2,3,15,0,12,1,0,1,0,0,0,0,0,0,0.0,0.0,0
demo_42_0396,Mlops Engineer,DemoEmployer_0396,"MLOps Engineer — Python, SQL, cloud. Team builds models and data products. Req id 396.",Remote,IN,,211000.0,True,https://example.com/jobs/demo_42_0396,demo,bbf27baafd804e23947d23eb1b2aab51,True,Python|SQL,,2,2,15,0,14,1,0,1,0,0,0,0,0,0,0.0,0.0,0
demo_42_0397,ML Engineer,DemoEmployer_0397,"ML Engineer — Python, SQL, cloud. Team builds models and data products. Req id 397.",London,UK,,211000.0,False,https://example.com/jobs/demo_42_0397,demo,a82b69ff627340ee640882b686040816,True,Python|SQL,,2,2,15,0,11,1,0,1,0,0,0,0,0,0,0.0,0.0,0
demo_42_0398,Mlops Engineer,DemoEmployer_0398,"MLOps Engineer — Python, SQL, cloud. Team builds models and data products. Req id 398.",Remote,IN,,211000.0,True,https://example.com/jobs/demo_42_0398,demo,b3d6e0c9769818417d1bebfa6b558a8a,True,Python|SQL,,2,2,15,0,14,1,0,1,0,0,0,0,0,0,0.0,0.0,0
demo_42_0399,Product Analyst,DemoEmployer_0399,"Product Analyst — Python, SQL, cloud. Team builds models and data products. Req id 399.",Bangalore,IN,,211000.0,False,https://example.com/jobs/demo_42_0399,demo,e87c6df75e007164f327b291d367c551,True,Python|SQL,,2,2,15,0,15,1,0,1,0,0,0,0,0,0,0.0,0.0,0
demo_42_0400,NLP Engineer,DemoEmployer_0400,"NLP Engineer — Python, SQL, cloud. Team builds models and data products. Req id 400.",Singapore,IN,,206000.0,False,https://example.com/jobs/demo_42_0400,demo,3a3b1452b46bc559d0c685a3475da891,True,NLP|Python|SQL,,2,3,15,0,12,1,0,1,0,0,0,0,0,0,0.0,0.0,0
demo_42_0401,Mlops Engineer,DemoEmployer_0401,"MLOps Engineer — Python, SQL, cloud. Team builds models and data products. Req id 401.",Remote,DE,,211000.0,True,https://example.com/jobs/demo_42_0401,demo,d578ba17f9d446374dca4ae9e7460dc0,True,Python|SQL,,2,2,15,0,14,1,0,1,0,0,0,0,0,0,0.0,0.0,0
demo_42_0402,Mlops Engineer,DemoEmployer_0402,"MLOps Engineer — Python, SQL, cloud. Team builds models and data products. Req id 402.",Berlin,DE,,211000.0,False,https://example.com/jobs/demo_42_0402,demo,4998abcb908070ba52c958d24ead7b67,True,Python|SQL,,2,2,15,0,14,1,0,1,0,0,0,0,0,0,0.0,0.0,0
demo_42_0403,Analytics Engineer,DemoEmployer_0403,"Analytics Engineer — Python, SQL, cloud. Team builds models and data products. Req id 403.",London,UK,,211000.0,False,https://example.com/jobs/demo_42_0403,demo,5f4064660e425c7a8eb44d40e79efc3e,True,Python|SQL,,2,2,15,0,18,1,0,1,0,0,0,0,0,0,0.0,0.0,0
demo_42_0404,Backend Engineer,DemoEmployer_0404,"Backend Engineer — Python, SQL, cloud. Team builds models and data products. Req id 404.",Singapore,IN,,211000.0,False,https://example.com/jobs/demo_42_0404,demo,08c8fe5b60f2d8bbd10e7627fcac7f3c,True,Python|SQL,,2,2,15,0,16,1,0,1,0,0,0,0,0,0,0.0,0.0,0
demo_42_0405,NLP Engineer,DemoEmployer_0405,"NLP Engineer — Python, SQL, cloud. Team builds models and data products. Req id 405.",Singapore,IN,,211000.0,False,https://example.com/jobs/demo_42_0405,demo,2786f15ba6075852825f53bf7a72679b,True,NLP|Python|SQL,,2,3,15,0,12,1,0,1,0,0,0,0,0,0,0.0,0.0,0
demo_42_0406,Senior Data Scientist,DemoEmployer_0406,"Senior Data Scientist — Python, SQL, cloud. Team builds models and data products. Req id 406.",Remote,IN,,211000.0,True,https://example.com/jobs/demo_42_0406,demo,af1411aa7329b2d33032225aa46763a9,True,Python|SQL,,3,2,16,0,21,1,0,1,0,0,0,0,0,0,0.0,0.0,0
demo_42_0407,Data Engineer,DemoEmployer_0407,"Data Engineer — Python, SQL, cloud. Team builds models and data products. Req id 407.",Singapore,IN,,211000.0,False,https://example.com/jobs/demo_42_0407,demo,0d2a5135fb9adc5bb1bd02e78d422d60,True,Python|SQL,,2,2,15,0,13,1,0,1,0,0,0,0,0,0,0.0,0.0,0
demo_42_0408,Analytics Engineer,DemoEmployer_0408,"Analytics Engineer — Python, SQL, cloud. Team builds models and data products. Req id 408.",Singapore,IN,,211000.0,False,https://example.com/jobs/demo_42_0408,demo,d26112c8babd9f2114eb3b1fe18ab1a0,True,Python|SQL,,2,2,15,0,18,1,0,1,0,0,0,0,0,0,0.0,0.0,0
demo_42_0409,ML Engineer,DemoEmployer_0409,"ML Engineer — Python, SQL, cloud. Team builds models and data products. Req id 409.",Remote,IN,,211000.0,True,https://example.com/jobs/demo_42_0409,demo,790986f72b16ee4d5e8d6672fc13c4ad,True,Python|SQL,,2,2,15,0,11,1,0,1,0,0,0,0,0,0,0.0,0.0,0
demo_42_0410,NLP Engineer,DemoEmployer_0410,"NLP Engineer — Python, SQL, cloud. Team builds models and data products. Req id 410.",Remote,IN,,211000.0,True,https://example.com/jobs/demo_42_0410,demo,2b8a7ebb8f1078c0541d8af5f78d37e5,True,NLP|Python|SQL,,2,3,15,0,12,1,0,1,0,0,0,0,0,0,0.0,0.0,0
demo_42_0411,Data Engineer,DemoEmployer_0411,"Data Engineer — Python, SQL, cloud. Team builds models and data products. Req id 411.",Berlin,DE,,211000.0,False,https://example.com/jobs/demo_42_0411,demo,e9a6a9ad97224ef4d7e8539723f581a9,True,Python|SQL,,2,2,15,0,13,1,0,1,0,0,0,0,0,0,0.0,0.0,0
demo_42_0412,Product Analyst,DemoEmployer_0412,"Product Analyst — Python, SQL, cloud. Team builds models and data products. Req id 412.",London,UK,,211000.0,False,https://example.com/jobs/demo_42_0412,demo,2dd15ce6f9853c57711155f9cb4c2670,True,Python|SQL,,2,2,15,0,15,1,0,1,0,0,0,0,0,0,0.0,0.0,0
demo_42_0413,ML Engineer,DemoEmployer_0413,"ML Engineer — Python, SQL, cloud. Team builds models and data products. Req id 413.",Remote,DE,,211000.0,True,https://example.com/jobs/demo_42_0413,demo,b20c4724cd1a7511bceeb9c717a3c856,True,Python|SQL,,2,2,15,0,11,1,0,1,0,0,0,0,0,0,0.0,0.0,0
demo_42_0414,NLP Engineer,DemoEmployer_0414,"NLP Engineer — Python, SQL, cloud. Team builds models and data products. Req id 414.",Toronto,IN,,211000.0,False,https://example.com/jobs/demo_42_0414,demo,f01059b1e5b4e2c0fe3874d39844a1e4,True,NLP|Python|SQL,,2,3,15,0,12,1,0,1,0,0,0,0,0,0,0.0,0.0,0
demo_42_0415,ML Engineer,DemoEmployer_0415,"ML Engineer — Python, SQL, cloud. Team builds models and data products. Req id 415.",Remote,IN,,211000.0,True,https://example.com/jobs/demo_42_0415,demo,a31da0b1d695afcec31b19207df83f64,True,Python|SQL,,2,2,15,0,11,1,0,1,0,0,0,0,0,0,0.0,0.0,0
demo_42_0416,ML Engineer,DemoEmployer_0416,"ML Engineer — Python, SQL, cloud. Team builds models and data products. Req id 416.",Remote,IN,,204000.0,True,https://example.com/jobs/demo_42_0416,demo,25b57f37b438ac39455fc571be6fe2c0,True,Python|SQL,,2,2,15,0,11,1,0,1,0,0,0,0,0,0,0.0,0.0,0
demo_42_0417,Data Engineer,DemoEmployer_0417,"Data Engineer — Python, SQL, cloud. Team builds models and data products. Req id 417.",Berlin,DE,,211000.0,False,https://example.com/jobs/demo_42_0417,demo,2db8eb3b4044468709a3d8d61351a388,True,Python|SQL,,2,2,15,0,13,1,0,1,0,0,0,0,0,0,0.0,0.0,0
demo_42_0418,Product Analyst,DemoEmployer_0418,"Product Analyst — Python, SQL, cloud. Team builds models and data products. Req id 418.",Remote,IN,,211000.0,True,https://example.com/jobs/demo_42_0418,demo,5089ce35db8700e3a4ee2c39b52c2ed0,True,Python|SQL,,2,2,15,0,15,1,0,1,0,0,0,0,0,0,0.0,0.0,0
demo_42_0419,NLP Engineer,DemoEmployer_0419,"NLP Engineer — Python, SQL, cloud. Team builds models and data products. Req id 419.",Remote,IN,,211000.0,True,https://example.com/jobs/demo_42_0419,demo,328f530a943730a7dd103a7ae837cf3f,True,NLP|Python|SQL,,2,3,15,0,12,1,0,1,0,0,0,0,0,0,0.0,0.0,0
demo_42_0420,Mlops Engineer,DemoEmployer_0420,"MLOps Engineer — Python, SQL, cloud. Team builds models and data products. Req id 420.",New York,IN,,211000.0,False,https://example.com/jobs/demo_42_0420,demo,97f6e652f745961b08a07bd2f811b830,True,Python|SQL,,2,2,15,0,14,1,0,1,0,0,0,0,0,0,0.0,0.0,0
demo_42_0421,Product Analyst,DemoEmployer_0421,"Product Analyst — Python, SQL, cloud. Team builds models and data products. Req id 421.",New York,IN,,211000.0,False,https://example.com/jobs/demo_42_0421,demo,56ed49f09c15c09778b7c5dbc64db1f0,True,Python|SQL,,2,2,15,0,15,1,0,1,0,0,0,0,0,0,0.0,0.0,0
demo_42_0422,Mlops Engineer,DemoEmployer_0422,"MLOps Engineer — Python, SQL, cloud. Team builds models and data products. Req id 422.",Remote,IN,,211000.0,True,https://example.com/jobs/demo_42_0422,demo,2a77517b16ed0ac1168a748fce2fcad9,True,Python|SQL,,2,2,15,0,14,1,0,1,0,0,0,0,0,0,0.0,0.0,0
demo_42_0423,Mlops Engineer,DemoEmployer_0423,"MLOps Engineer — Python, SQL, cloud. Team builds models and data products. Req id 423.",Remote,IN,,211000.0,True,https://example.com/jobs/demo_42_0423,demo,6439534de862a1934dc5f34f61761e3b,True,Python|SQL,,2,2,15,0,14,1,0,1,0,0,0,0,0,0,0.0,0.0,0
demo_42_0424,Backend Engineer,DemoEmployer_0424,"Backend Engineer — Python, SQL, cloud. Team builds models and data products. Req id 424.",Berlin,DE,,211000.0,False,https://example.com/jobs/demo_42_0424,demo,3d0097cfa6655ef0af1bf55d4615a951,True,Python|SQL,,2,2,15,0,16,1,0,1,0,0,0,0,0,0,0.0,0.0,0
demo_42_0425,Data Engineer,DemoEmployer_0425,"Data Engineer — Python, SQL, cloud. Team builds models and data products. Req id 425.",Remote,IN,,211000.0,True,https://example.com/jobs/demo_42_0425,demo,91e8da837ff278c4823a51c2675f0145,True,Python|SQL,,2,2,15,0,13,1,0,1,0,0,0,0,0,0,0.0,0.0,0
demo_42_0426,Backend Engineer,DemoEmployer_0426,"Backend Engineer — Python, SQL, cloud. Team builds models and data products. Req id 426.",London,UK,,211000.0,False,https://example.com/jobs/demo_42_0426,demo,c596095f04fe297be9c8f7324bcb8bc2,True,Python|SQL,,2,2,15,0,16,1,0,1,0,0,0,0,0,0,0.0,0.0,0
demo_42_0427,Analytics Engineer,DemoEmployer_0427,"Analytics Engineer — Python, SQL, cloud. Team builds models and data products. Req id 427.",Toronto,IN,,211000.0,False,https://example.com/jobs/demo_42_0427,demo,77471902f623cd44be64c8804fafbc3f,True,Python|SQL,,2,2,15,0,18,1,0,1,0,0,0,0,0,0,0.0,0.0,0
demo_42_0428,Backend Engineer,DemoEmployer_0428,"Backend Engineer — Python, SQL, cloud. Team builds models and data products. Req id 428.",Toronto,IN,,211000.0,False,https://example.com/jobs/demo_42_0428,demo,285a987cf10e04a4c8fb57c06a50b1de,True,Python|SQL,,2,2,15,0,16,1,0,1,0,0,0,0,0,0,0.0,0.0,0
demo_42_0429,Backend Engineer,DemoEmployer_0429,"Backend Engineer — Python, SQL, cloud. Team builds models and data products. Req id 429.",Toronto,IN,,211000.0,False,https://example.com/jobs/demo_42_0429,demo,11e97669911931efbbe42c55b689084a,True,Python|SQL,,2,2,15,0,16,1,0,1,0,0,0,0,0,0,0.0,0.0,0
demo_42_0430,Data Engineer,DemoEmployer_0430,"Data Engineer — Python, SQL, cloud. Team builds models and data products. Req id 430.",New York,IN,,211000.0,False,https://example.com/jobs/demo_42_0430,demo,65b661bc20736bf6dc77c0250013d40b,True,Python|SQL,,2,2,15,0,13,1,0,1,0,0,0,0,0,0,0.0,0.0,0
demo_42_0431,Senior Data Scientist,DemoEmployer_0431,"Senior Data Scientist — Python, SQL, cloud. Team builds models and data products. Req id 431.",Berlin,DE,,211000.0,False,https://example.com/jobs/demo_42_0431,demo,4d17ac81b8c8ad55eef9059449141666,True,Python|SQL,,3,2,16,0,21,1,0,1,0,0,0,0,0,0,0.0,0.0,0
demo_42_0432,Senior Data Scientist,DemoEmployer_0432,"Senior Data Scientist — Python, SQL, cloud. Team builds models and data products. Req id 432.",Bangalore,IN,,211000.0,False,https://example.com/jobs/demo_42_0432,demo,9831eefb29852c063da861d19f12e0e8,True,Python|SQL,,3,2,16,0,21,1,0,1,0,0,0,0,0,0,0.0,0.0,0
demo_42_0433,NLP Engineer,DemoEmployer_0433,"NLP Engineer — Python, SQL, cloud. Team builds models and data products. Req id 433.",Toronto,IN,,211000.0,False,https://example.com/jobs/demo_42_0433,demo,1c382a868a460ff97b8227b55307f6d8,True,NLP|Python|SQL,,2,3,15,0,12,1,0,1,0,0,0,0,0,0,0.0,0.0,0
demo_42_0434,ML Engineer,DemoEmployer_0434,"ML Engineer — Python, SQL, cloud. Team builds models and data products. Req id 434.",London,UK,,211000.0,False,https://example.com/jobs/demo_42_0434,demo,0329595377324a526991ad51aa4ac162,True,Python|SQL,,2,2,15,0,11,1,0,1,0,0,0,0,0,0,0.0,0.0,0
demo_42_0435,Product Analyst,DemoEmployer_0435,"Product Analyst — Python, SQL, cloud. Team builds models and data products. Req id 435.",New York,IN,,206000.0,False,https://example.com/jobs/demo_42_0435,demo,fa12befcbc0d5046ace11b73df3c9993,True,Python|SQL,,2,2,15,0,15,1,0,1,0,0,0,0,0,0,0.0,0.0,0
demo_42_0436,Senior Data Scientist,DemoEmployer_0436,"Senior Data Scientist — Python, SQL, cloud. Team builds models and data products. Req id 436.",Toronto,IN,,211000.0,False,https://example.com/jobs/demo_42_0436,demo,7673b2a62dd39fe1d4a1b1530b257434,True,Python|SQL,,3,2,16,0,21,1,0,1,0,0,0,0,0,0,0.0,0.0,0
demo_42_0437,Senior Data Scientist,DemoEmployer_0437,"Senior Data Scientist — Python, SQL, cloud. Team builds models and data products. Req id 437.",London,UK,,211000.0,False,https://example.com/jobs/demo_42_0437,demo,952eb646ae0cd077b86203141091d620,True,Python|SQL,,3,2,16,0,21,1,0,1,0,0,0,0,0,0,0.0,0.0,0
demo_42_0438,ML Engineer,DemoEmployer_0438,"ML Engineer — Python, SQL, cloud. Team builds models and data products. Req id 438.",Remote,IN,,211000.0,True,https://example.com/jobs/demo_42_0438,demo,f0ee5780ac80ec8ecf88e80c5464827a,True,Python|SQL,,2,2,15,0,11,1,0,1,0,0,0,0,0,0,0.0,0.0,0
demo_42_0439,NLP Engineer,DemoEmployer_0439,"NLP Engineer — Python, SQL, cloud. Team builds models and data products. Req id 439.",Remote,IN,,219000.0,True,https://example.com/jobs/demo_42_0439,demo,3ae8ca37215c390881db8ccb80125312,True,NLP|Python|SQL,,2,3,15,0,12,1,0,1,0,0,0,0,0,0,0.0,0.0,0
demo_42_0440,Data Engineer,DemoEmployer_0440,"Data Engineer — Python, SQL, cloud. Team builds models and data products. Req id 440.",London,UK,,211000.0,False,https://example.com/jobs/demo_42_0440,demo,9f2d8cf566b4127a92f90493b2da198b,True,Python|SQL,,2,2,15,0,13,1,0,1,0,0,0,0,0,0,0.0,0.0,0
demo_42_0441,Data Engineer,DemoEmployer_0441,"Data Engineer — Python, SQL, cloud. Team builds models and data products. Req id 441.",Toronto,IN,,211000.0,False,https://example.com/jobs/demo_42_0441,demo,10abc468a59a67bb5bdd0926bf16cd79,True,Python|SQL,,2,2,15,0,13,1,0,1,0,0,0,0,0,0,0.0,0.0,0
demo_42_0442,Product Analyst,DemoEmployer_0442,"Product Analyst — Python, SQL, cloud. Team builds models and data products. Req id 442.",Remote,DE,,211000.0,True,https://example.com/jobs/demo_42_0442,demo,77e03bbbdc2e2e74ebca37b3aab90a55,True,Python|SQL,,2,2,15,0,15,1,0,1,0,0,0,0,0,0,0.0,0.0,0
demo_42_0443,Analytics Engineer,DemoEmployer_0443,"Analytics Engineer — Python, SQL, cloud. Team builds models and data products. Req id 443.",Remote,IN,,216000.0,True,https://example.com/jobs/demo_42_0443,demo,5b005cb5677834af9e64d305fb92bdc6,True,Python|SQL,,2,2,15,0,18,1,0,1,0,0,0,0,0,0,0.0,0.0,0
demo_42_0444,Product Analyst,DemoEmployer_0444,"Product Analyst — Python, SQL, cloud. Team builds models and data products. Req id 444.",Bangalore,IN,,211000.0,False,https://example.com/jobs/demo_42_0444,demo,b07a4efcb7ace40962c894071a314c80,True,Python|SQL,,2,2,15,0,15,1,0,1,0,0,0,0,0,0,0.0,0.0,0
demo_42_0445,Data Engineer,DemoEmployer_0445,"Data Engineer — Python, SQL, cloud. Team builds models and data products. Req id 445.",London,UK,,211000.0,False,https://example.com/jobs/demo_42_0445,demo,3047a11fe2154b83f0454fb6a8687866,True,Python|SQL,,2,2,15,0,13,1,0,1,0,0,0,0,0,0,0.0,0.0,0
demo_42_0446,Product Analyst,DemoEmployer_0446,"Product Analyst — Python, SQL, cloud. Team builds models and data products. Req id 446.",Remote,UK,,211000.0,True,https://example.com/jobs/demo_42_0446,demo,192a488be077db835708d45a8e827e19,True,Python|SQL,,2,2,15,0,15,1,0,1,0,0,0,0,0,0,0.0,0.0,0
demo_42_0447,Analytics Engineer,DemoEmployer_0447,"Analytics Engineer — Python, SQL, cloud. Team builds models and data products. Req id 447.",Bangalore,IN,,211000.0,False,https://example.com/jobs/demo_42_0447,demo,80463692227c1208b5e81909c83b2edd,True,Python|SQL,,2,2,15,0,18,1,0,1,0,0,0,0,0,0,0.0,0.0,0
demo_42_0448,Backend Engineer,DemoEmployer_0448,"Backend Engineer — Python, SQL, cloud. Team builds models and data products. Req id 448.",Remote,IN,,211000.0,True,https://example.com/jobs/demo_42_0448,demo,40580639c995f717e7d38c36d6db547d,True,Python|SQL,,2,2,15,0,16,1,0,1,0,0,0,0,0,0,0.0,0.0,0
demo_42_0449,NLP Engineer,DemoEmployer_0449,"NLP Engineer — Python, SQL, cloud. Team builds models and data products. Req id 449.",Bangalore,IN,,211000.0,False,https://example.com/jobs/demo_42_0449,demo,fa2a9f687b587a9061f9eb41b41b5080,True,NLP|Python|SQL,,2,3,15,0,12,1,0,1,0,0,0,0,0,0,0.0,0.0,0
demo_42_0450,Product Analyst,DemoEmployer_0450,"Product Analyst — Python, SQL, cloud. Team builds models and data products. Req id 450.",Remote,IN,,211000.0,True,https://example.com/jobs/demo_42_0450,demo,0b72e74ab71c3790baa7cde630ba87e3,True,Python|SQL,,2,2,15,0,15,1,0,1,0,0,0,0,0,0,0.0,0.0,0
demo_42_0451,Mlops Engineer,DemoEmployer_0451,"MLOps Engineer — Python, SQL, cloud. Team builds models and data products. Req id 451.",New York,IN,,211000.0,False,https://example.com/jobs/demo_42_0451,demo,dda1f72c6e8b5bee381fe8e64195004e,True,Python|SQL,,2,2,15,0,14,1,0,1,0,0,0,0,0,0,0.0,0.0,0
demo_42_0452,Product Analyst,DemoEmployer_0452,"Product Analyst — Python, SQL, cloud. Team builds models and data products. Req id 452.",Bangalore,IN,,211000.0,False,https://example.com/jobs/demo_42_0452,demo,226c46a12abcf10b0732977c43248e65,True,Python|SQL,,2,2,15,0,15,1,0,1,0,0,0,0,0,0,0.0,0.0,0
demo_42_0453,Mlops Engineer,DemoEmployer_0453,"MLOps Engineer — Python, SQL, cloud. Team builds models and data products. Req id 453.",Remote,DE,,211000.0,True,https://example.com/jobs/demo_42_0453,demo,c73e445449eebb58a54f3d1be8ef6324,True,Python|SQL,,2,2,15,0,14,1,0,1,0,0,0,0,0,0,0.0,0.0,0
demo_42_0454,Backend Engineer,DemoEmployer_0454,"Backend Engineer — Python, SQL, cloud. Team builds models and data products. Req id 454.",Berlin,DE,,211000.0,False,https://example.com/jobs/demo_42_0454,demo,e82271d2c17148e957450e79abaeef8f,True,Python|SQL,,2,2,15,0,16,1,0,1,0,0,0,0,0,0,0.0,0.0,0
demo_42_0455,Analytics Engineer,DemoEmployer_0455,"Analytics Engineer — Python, SQL, cloud. Team builds models and data products. Req id 455.",Remote,DE,,210000.0,True,https://example.com/jobs/demo_42_0455,demo,5c3c38f623da90719c44dcc49d2d6949,True,Python|SQL,,2,2,15,0,18,1,0,1,0,0,0,0,0,0,0.0,0.0,0
demo_42_0456,ML Engineer,DemoEmployer_0456,"ML Engineer — Python, SQL, cloud. Team builds models and data products. Req id 456.",New York,IN,,211000.0,False,https://example.com/jobs/demo_42_0456,demo,3c6e1271b84a603ed49e37251a0fe007,True,Python|SQL,,2,2,15,0,11,1,0,1,0,0,0,0,0,0,0.0,0.0,0
demo_42_0457,NLP Engineer,DemoEmployer_0457,"NLP Engineer — Python, SQL, cloud. Team builds models and data products. Req id 457.",Toronto,IN,,210000.0,False,https://example.com/jobs/demo_42_0457,demo,5099b61f45a44147dfc7eab8f9151f5d,True,NLP|Python|SQL,,2,3,15,0,12,1,0,1,0,0,0,0,0,0,0.0,0.0,0
demo_42_0458,Product Analyst,DemoEmployer_0458,"Product Analyst — Python, SQL, cloud. Team builds models and data products. Req id 458.",New York,IN,,211000.0,False,https://example.com/jobs/demo_42_0458,demo,ceefd8acaf5195348dfd1e20a9167d26,True,Python|SQL,,2,2,15,0,15,1,0,1,0,0,0,0,0,0,0.0,0.0,0
demo_42_0459,Product Analyst,DemoEmployer_0459,"Product Analyst — Python, SQL, cloud. Team builds models and data products. Req id 459.",New York,IN,,211000.0,False,https://example.com/jobs/demo_42_0459,demo,f6806bc7e17e788e8123c7c7c19384e5,True,Python|SQL,,2,2,15,0,15,1,0,1,0,0,0,0,0,0,0.0,0.0,0
demo_42_0460,Mlops Engineer,DemoEmployer_0460,"MLOps Engineer — Python, SQL, cloud. Team builds models and data products. Req id 460.",Remote,IN,,211000.0,True,https://example.com/jobs/demo_42_0460,demo,4f9135633d9a0139f23f7038e23c3825,True,Python|SQL,,2,2,15,0,14,1,0,1,0,0,0,0,0,0,0.0,0.0,0
demo_42_0461,ML Engineer,DemoEmployer_0461,"ML Engineer — Python, SQL, cloud. Team builds models and data products. Req id 461.",Remote,IN,,211000.0,True,https://example.com/jobs/demo_42_0461,demo,f1290c2a868099b1d332169b16810879,True,Python|SQL,,2,2,15,0,11,1,0,1,0,0,0,0,0,0,0.0,0.0,0
demo_42_0462,Analytics Engineer,DemoEmployer_0462,"Analytics Engineer — Python, SQL, cloud. Team builds models and data products. Req id 462.",Singapore,IN,,204000.0,False,https://example.com/jobs/demo_42_0462,demo,08588cadc689369f8c2201f7333ec9a9,True,Python|SQL,,2,2,15,0,18,1,0,1,0,0,0,0,0,0,0.0,0.0,0
demo_42_0463,Product Analyst,DemoEmployer_0463,"Product Analyst — Python, SQL, cloud. Team builds models and data products. Req id 463.",Bangalore,IN,,211000.0,False,https://example.com/jobs/demo_42_0463,demo,39826c08f5419ee7db4a0def08778a79,True,Python|SQL,,2,2,15,0,15,1,0,1,0,0,0,0,0,0,0.0,0.0,0
demo_42_0464,NLP Engineer,DemoEmployer_0464,"NLP Engineer — Python, SQL, cloud. Team builds models and data products. Req id 464.",Remote,DE,,211000.0,True,https://example.com/jobs/demo_42_0464,demo,bf9642b7d449ad2159d56a61ea2d53c7,True,NLP|Python|SQL,,2,3,15,0,12,1,0,1,0,0,0,0,0,0,0.0,0.0,0
demo_42_0465,ML Engineer,DemoEmployer_0465,"ML Engineer — Python, SQL, cloud. Team builds models and data products. Req id 465.",Remote,IN,,215000.0,True,https://example.com/jobs/demo_42_0465,demo,c8742efd63a02da427601af75c2b33b2,True,Python|SQL,,2,2,15,0,11,1,0,1,0,0,0,0,0,0,0.0,0.0,0
demo_42_0466,Senior Data Scientist,DemoEmployer_0466,"Senior Data Scientist — Python, SQL, cloud. Team builds models and data products. Req id 466.",Remote,IN,,211000.0,True,https://example.com/jobs/demo_42_0466,demo,defaabe3eb1312eb9ceb1b2cbe9429c4,True,Python|SQL,,3,2,16,0,21,1,0,1,0,0,0,0,0,0,0.0,0.0,0
demo_42_0467,Product Analyst,DemoEmployer_0467,"Product Analyst — Python, SQL, cloud. Team builds models and data products. Req id 467.",Remote,IN,,211000.0,True,https://example.com/jobs/demo_42_0467,demo,5030f6102a3532c97c1870dcfbfdfd5c,True,Python|SQL,,2,2,15,0,15,1,0,1,0,0,0,0,0,0,0.0,0.0,0
demo_42_0468,Senior Data Scientist,DemoEmployer_0468,"Senior Data Scientist — Python, SQL, cloud. Team builds models and data products. Req id 468.",Remote,UK,,211000.0,True,https://example.com/jobs/demo_42_0468,demo,f677da86bdc3450a4423105439a30957,True,Python|SQL,,3,2,16,0,21,1,0,1,0,0,0,0,0,0,0.0,0.0,0
demo_42_0469,ML Engineer,DemoEmployer_0469,"ML Engineer — Python, SQL, cloud. Team builds models and data products. Req id 469.",Remote,IN,,217000.0,True,https://example.com/jobs/demo_42_0469,demo,9ba4e58e0e8814a6289f00cc964189ad,True,Python|SQL,,2,2,15,0,11,1,0,1,0,0,0,0,0,0,0.0,0.0,0
demo_42_0470,NLP Engineer,DemoEmployer_0470,"NLP Engineer — Python, SQL, cloud. Team builds models and data products. Req id 470.",New York,IN,,211000.0,False,https://example.com/jobs/demo_42_0470,demo,778539846e9dfa84c2d081ebf16f3b3f,True,NLP|Python|SQL,,2,3,15,0,12,1,0,1,0,0,0,0,0,0,0.0,0.0,0
demo_42_0471,ML Engineer,DemoEmployer_0471,"ML Engineer — Python, SQL, cloud. Team builds models and data products. Req id 471.",Bangalore,IN,,211000.0,False,https://example.com/jobs/demo_42_0471,demo,874eec3c14bdd800106a20b3df08b159,True,Python|SQL,,2,2,15,0,11,1,0,1,0,0,0,0,0,0,0.0,0.0,0
demo_42_0472,ML Engineer,DemoEmployer_0472,"ML Engineer — Python, SQL, cloud. Team builds models and data products. Req id 472.",Singapore,IN,,211000.0,False,https://example.com/jobs/demo_42_0472,demo,16ade4a8fa28fb9c024e882999699d61,True,Python|SQL,,2,2,15,0,11,1,0,1,0,0,0,0,0,0,0.0,0.0,0
demo_42_0473,NLP Engineer,DemoEmployer_0473,"NLP Engineer — Python, SQL, cloud. Team builds models and data products. Req id 473.",Toronto,IN,,211000.0,False,https://example.com/jobs/demo_42_0473,demo,8cb2b2b397879292d2db6ce6e9f2205b,True,NLP|Python|SQL,,2,3,15,0,12,1,0,1,0,0,0,0,0,0,0.0,0.0,0
demo_42_0474,Analytics Engineer,DemoEmployer_0474,"Analytics Engineer — Python, SQL, cloud. Team builds models and data products. Req id 474.",Remote,IN,,211000.0,True,https://example.com/jobs/demo_42_0474,demo,64390fcac1ee039f577a2eb88efb36ae,True,Python|SQL,,2,2,15,0,18,1,0,1,0,0,0,0,0,0,0.0,0.0,0
demo_42_0475,Analytics Engineer,DemoEmployer_0475,"Analytics Engineer — Python, SQL, cloud. Team builds models and data products. Req id 475.",Berlin,DE,,211000.0,False,https://example.com/jobs/demo_42_0475,demo,854696dcfe2da1874c93eb8ca845360e,True,Python|SQL,,2,2,15,0,18,1,0,1,0,0,0,0,0,0,0.0,0.0,0
demo_42_0476,Backend Engineer,DemoEmployer_0476,"Backend Engineer — Python, SQL, cloud. Team builds models and data products. Req id 476.",New York,IN,,211000.0,False,https://example.com/jobs/demo_42_0476,demo,225ba617ebf5a4160b19bad3a255cdad,True,Python|SQL,,2,2,15,0,16,1,0,1,0,0,0,0,0,0,0.0,0.0,0
demo_42_0477,Product Analyst,DemoEmployer_0477,"Product Analyst — Python, SQL, cloud. Team builds models and data products. Req id 477.",Remote,IN,,211000.0,True,https://example.com/jobs/demo_42_0477,demo,b76a11aa6afb2294411f398020ff842a,True,Python|SQL,,2,2,15,0,15,1,0,1,0,0,0,0,0,0,0.0,0.0,0
demo_42_0478,Data Engineer,DemoEmployer_0478,"Data Engineer — Python, SQL, cloud. Team builds models and data products. Req id 478.",London,UK,,211000.0,False,https://example.com/jobs/demo_42_0478,demo,748d17110cef39b127a930bda8be15bd,True,Python|SQL,,2,2,15,0,13,1,0,1,0,0,0,0,0,0,0.0,0.0,0
demo_42_0479,ML Engineer,DemoEmployer_0479,"ML Engineer — Python, SQL, cloud. Team builds models and data products. Req id 479.",Remote,UK,,211000.0,True,https://example.com/jobs/demo_42_0479,demo,47ac09336683dd4ef368563b7a08cee5,True,Python|SQL,,2,2,15,0,11,1,0,1,0,0,0,0,0,0,0.0,0.0,0
demo_42_0480,ML Engineer,DemoEmployer_0480,"ML Engineer — Python, SQL, cloud. Team builds models and data products. Req id 480.",Remote,IN,,211000.0,True,https://example.com/jobs/demo_42_0480,demo,a74cdd99dab5ce592aa62cf25db8bb2b,True,Python|SQL,,2,2,15,0,11,1,0,1,0,0,0,0,0,0,0.0,0.0,0
demo_42_0481,Analytics Engineer,DemoEmployer_0481,"Analytics Engineer — Python, SQL, cloud. Team builds models and data products. Req id 481.",Remote,IN,,211000.0,True,https://example.com/jobs/demo_42_0481,demo,27689bc44b6a998154dc19554e972904,True,Python|SQL,,2,2,15,0,18,1,0,1,0,0,0,0,0,0,0.0,0.0,0
demo_42_0482,Mlops Engineer,DemoEmployer_0482,"MLOps Engineer — Python, SQL, cloud. Team builds models and data products. Req id 482.",Remote,IN,,211000.0,True,https://example.com/jobs/demo_42_0482,demo,7e6955157d47020abe4bbcb309eb17ce,True,Python|SQL,,2,2,15,0,14,1,0,1,0,0,0,0,0,0,0.0,0.0,0
demo_42_0483,Mlops Engineer,DemoEmployer_0483,"MLOps Engineer — Python, SQL, cloud. Team builds models and data products. Req id 483.",London,UK,,219000.0,False,https://example.com/jobs/demo_42_0483,demo,b33a5453d4e1740d16f9123037c52685,True,Python|SQL,,2,2,15,0,14,1,0,1,0,0,0,0,0,0,0.0,0.0,0
demo_42_0484,Data Engineer,DemoEmployer_0484,"Data Engineer — Python, SQL, cloud. Team builds models and data products. Req id 484.",Toronto,IN,,211000.0,False,https://example.com/jobs/demo_42_0484,demo,eb43efcaae89def4f5c75a1dd3d15158,True,Python|SQL,,2,2,15,0,13,1,0,1,0,0,0,0,0,0,0.0,0.0,0
demo_42_0485,Analytics Engineer,DemoEmployer_0485,"Analytics Engineer — Python, SQL, cloud. Team builds models and data products. Req id 485.",Remote,IN,,211000.0,True,https://example.com/jobs/demo_42_0485,demo,8db104da9c889f895f0390dc80c4a616,True,Python|SQL,,2,2,15,0,18,1,0,1,0,0,0,0,0,0,0.0,0.0,0
demo_42_0486,Mlops Engineer,DemoEmployer_0486,"MLOps Engineer — Python, SQL, cloud. Team builds models and data products. Req id 486.",Remote,IN,,211000.0,True,https://example.com/jobs/demo_42_0486,demo,2bd17373f423a4cba2d68b8388599450,True,Python|SQL,,2,2,15,0,14,1,0,1,0,0,0,0,0,0,0.0,0.0,0
demo_42_0487,Mlops Engineer,DemoEmployer_0487,"MLOps Engineer — Python, SQL, cloud. Team builds models and data products. Req id 487.",Remote,UK,,211000.0,True,https://example.com/jobs/demo_42_0487,demo,ec456997884fdcae1da7e97350918e45,True,Python|SQL,,2,2,15,0,14,1,0,1,0,0,0,0,0,0,0.0,0.0,0
demo_42_0488,NLP Engineer,DemoEmployer_0488,"NLP Engineer — Python, SQL, cloud. Team builds models and data products. Req id 488.",Remote,IN,,209000.0,True,https://example.com/jobs/demo_42_0488,demo,b4f29ec63475eb0219576f09faa52f62,True,NLP|Python|SQL,,2,3,15,0,12,1,0,1,0,0,0,0,0,0,0.0,0.0,0
demo_42_0489,Backend Engineer,DemoEmployer_0489,"Backend Engineer — Python, SQL, cloud. Team builds models and data products. Req id 489.",Remote,IN,,211000.0,True,https://example.com/jobs/demo_42_0489,demo,e39d9eb44fa8950193ed6e5953df573f,True,Python|SQL,,2,2,15,0,16,1,0,1,0,0,0,0,0,0,0.0,0.0,0
demo_42_0490,Backend Engineer,DemoEmployer_0490,"Backend Engineer — Python, SQL, cloud. Team builds models and data products. Req id 490.",Remote,IN,,211000.0,True,https://example.com/jobs/demo_42_0490,demo,2eca3b408f1fe6274d378106e1c8a488,True,Python|SQL,,2,2,15,0,16,1,0,1,0,0,0,0,0,0,0.0,0.0,0
demo_42_0491,ML Engineer,DemoEmployer_0491,"ML Engineer — Python, SQL, cloud. Team builds models and data products. Req id 491.",Toronto,IN,,211000.0,False,https://example.com/jobs/demo_42_0491,demo,2fdd5076facd7b1491a967c5ff543123,True,Python|SQL,,2,2,15,0,11,1,0,1,0,0,0,0,0,0,0.0,0.0,0
demo_42_0492,Analytics Engineer,DemoEmployer_0492,"Analytics Engineer — Python, SQL, cloud. Team builds models and data products. Req id 492.",Remote,IN,,211000.0,True,https://example.com/jobs/demo_42_0492,demo,6dab088e16f04b7bdb990f2a7f355ee6,True,Python|SQL,,2,2,15,0,18,1,0,1,0,0,0,0,0,0,0.0,0.0,0
demo_42_0493,NLP Engineer,DemoEmployer_0493,"NLP Engineer — Python, SQL, cloud. Team builds models and data products. Req id 493.",Toronto,IN,,211000.0,False,https://example.com/jobs/demo_42_0493,demo,fb04c9660cf1e6ee95a826b8e8005d69,True,NLP|Python|SQL,,2,3,15,0,12,1,0,1,0,0,0,0,0,0,0.0,0.0,0
demo_42_0494,ML Engineer,DemoEmployer_0494,"ML Engineer — Python, SQL, cloud. Team builds models and data products. Req id 494.",Remote,IN,,212000.0,True,https://example.com/jobs/demo_42_0494,demo,4091b46e48b6469d4995c05ef3c0fa63,True,Python|SQL,,2,2,15,0,11,1,0,1,0,0,0,0,0,0,0.0,0.0,0
demo_42_0495,NLP Engineer,DemoEmployer_0495,"NLP Engineer — Python, SQL, cloud. Team builds models and data products. Req id 495.",Remote,UK,,211000.0,True,https://example.com/jobs/demo_42_0495,demo,526a12091dd396f1f06bbbadd89a95e7,True,NLP|Python|SQL,,2,3,15,0,12,1,0,1,0,0,0,0,0,0,0.0,0.0,0
demo_42_0496,Data Engineer,DemoEmployer_0496,"Data Engineer — Python, SQL, cloud. Team builds models and data products. Req id 496.",Remote,IN,,207000.0,True,https://example.com/jobs/demo_42_0496,demo,058f165296ecf386e6f9cd867ca5e77d,True,Python|SQL,,2,2,15,0,13,1,0,1,0,0,0,0,0,0,0.0,0.0,0
demo_42_0497,ML Engineer,DemoEmployer_0497,"ML Engineer — Python, SQL, cloud. Team builds models and data products. Req id 497.",Toronto,IN,,211000.0,False,https://example.com/jobs/demo_42_0497,demo,a343682bbb9313794ff4faa5bdd2bd6a,True,Python|SQL,,2,2,15,0,11,1,0,1,0,0,0,0,0,0,0.0,0.0,0
demo_42_0498,Data Engineer,DemoEmployer_0498,"Data Engineer — Python, SQL, cloud. Team builds models and data products. Req id 498.",Remote,IN,,211000.0,True,https://example.com/jobs/demo_42_0498,demo,c89f5f5a4489869d02877c4f928a9386,True,Python|SQL,,2,2,15,0,13,1,0,1,0,0,0,0,0,0,0.0,0.0,0
demo_42_0499,Mlops Engineer,DemoEmployer_0499,"MLOps Engineer — Python, SQL, cloud. Team builds models and data products. Req id 499.",Bangalore,IN,,211000.0,False,https://example.com/jobs/demo_42_0499,demo,d4e42aa3d88ab8fd6cf45c5cfe2f6547,True,Python|SQL,,2,2,15,0,14,1,0,1,0,0,0,0,0,0,0.0,0.0,0
demo_42_0500,NLP Engineer,DemoEmployer_0500,"NLP Engineer — Python, SQL, cloud. Team builds models and data products. Req id 500.",Remote,UK,,211000.0,True,https://example.com/jobs/demo_42_0500,demo,c2b69515ac2c1027262a464a7853fd7f,True,NLP|Python|SQL,,2,3,15,0,12,1,0,1,0,0,0,0,0,0,0.0,0.0,0
demo_42_0501,ML Engineer,DemoEmployer_0501,"ML Engineer — Python, SQL, cloud. Team builds models and data products. Req id 501.",Toronto,IN,,211000.0,False,https://example.com/jobs/demo_42_0501,demo,6709b1c0e60aa399f1f2e0aca6772c41,True,Python|SQL,,2,2,15,0,11,1,0,1,0,0,0,0,0,0,0.0,0.0,0
demo_42_0502,Mlops Engineer,DemoEmployer_0502,"MLOps Engineer — Python, SQL, cloud. Team builds models and data products. Req id 502.",Berlin,DE,,216000.0,False,https://example.com/jobs/demo_42_0502,demo,aacefd1e9f8e0b9aade77109a285143c,True,Python|SQL,,2,2,15,0,14,1,0,1,0,0,0,0,0,0,0.0,0.0,0
demo_42_0503,Backend Engineer,DemoEmployer_0503,"Backend Engineer — Python, SQL, cloud. Team builds models and data products. Req id 503.",Berlin,DE,,212000.0,False,https://example.com/jobs/demo_42_0503,demo,bbbdfcfc6a85602fea6e4e61e56e597a,True,Python|SQL,,2,2,15,0,16,1,0,1,0,0,0,0,0,0,0.0,0.0,0
demo_42_0504,Backend Engineer,DemoEmployer_0504,"Backend Engineer — Python, SQL, cloud. Team builds models and data products. Req id 504.",Toronto,IN,,211000.0,False,https://example.com/jobs/demo_42_0504,demo,48a7c97e47efc4d3352dad1c866d54ce,True,Python|SQL,,2,2,15,0,16,1,0,1,0,0,0,0,0,0,0.0,0.0,0
demo_42_0505,Mlops Engineer,DemoEmployer_0505,"MLOps Engineer — Python, SQL, cloud. Team builds models and data products. Req id 505.",Berlin,DE,,211000.0,False,https://example.com/jobs/demo_42_0505,demo,d237f1a7872c5322172ff930942dcf35,True,Python|SQL,,2,2,15,0,14,1,0,1,0,0,0,0,0,0,0.0,0.0,0
demo_42_0506,ML Engineer,DemoEmployer_0506,"ML Engineer — Python, SQL, cloud. Team builds models and data products. Req id 506.",Remote,IN,,209000.0,True,https://example.com/jobs/demo_42_0506,demo,85aa73e0b776d0c9c625ec6a58be3bc0,True,Python|SQL,,2,2,15,0,11,1,0,1,0,0,0,0,0,0,0.0,0.0,0
demo_42_0507,Mlops Engineer,DemoEmployer_0507,"MLOps Engineer — Python, SQL, cloud. Team builds models and data products. Req id 507.",Remote,IN,,211000.0,True,https://example.com/jobs/demo_42_0507,demo,e0ee2cf48bc2efb5762890eab02f4341,True,Python|SQL,,2,2,15,0,14,1,0,1,0,0,0,0,0,0,0.0,0.0,0
demo_42_0508,Backend Engineer,DemoEmployer_0508,"Backend Engineer — Python, SQL, cloud. Team builds models and data products. Req id 508.",Remote,DE,,211000.0,True,https://example.com/jobs/demo_42_0508,demo,082ef25efd656f475a3289b86e931379,True,Python|SQL,,2,2,15,0,16,1,0,1,0,0,0,0,0,0,0.0,0.0,0
demo_42_0509,NLP Engineer,DemoEmployer_0509,"NLP Engineer — Python, SQL, cloud. Team builds models and data products. Req id 509.",Remote,IN,,211000.0,True,https://example.com/jobs/demo_42_0509,demo,a843c49c1050b06a640dbeedc38c55d4,True,NLP|Python|SQL,,2,3,15,0,12,1,0,1,0,0,0,0,0,0,0.0,0.0,0
demo_42_0510,Senior Data Scientist,DemoEmployer_0510,"Senior Data Scientist — Python, SQL, cloud. Team builds models and data products. Req id 510.",London,UK,,211000.0,False,https://example.com/jobs/demo_42_0510,demo,78da2fcae8a4bf7c9eccdfe989a45c6f,True,Python|SQL,,3,2,16,0,21,1,0,1,0,0,0,0,0,0,0.0,0.0,0
demo_42_0511,Analytics Engineer,DemoEmployer_0511,"Analytics Engineer — Python, SQL, cloud. Team builds models and data products. Req id 511.",Toronto,IN,,211000.0,False,https://example.com/jobs/demo_42_0511,demo,387f4794a7bbb87ec48948b2403fdadd,True,Python|SQL,,2,2,15,0,18,1,0,1,0,0,0,0,0,0,0.0,0.0,0
demo_42_0512,Senior Data Scientist,DemoEmployer_0512,"Senior Data Scientist — Python, SQL, cloud. Team builds models and data products. Req id 512.",Remote,IN,,211000.0,True,https://example.com/jobs/demo_42_0512,demo,57c05817fe7c9554f4afe82f665accf3,True,Python|SQL,,3,2,16,0,21,1,0,1,0,0,0,0,0,0,0.0,0.0,0
demo_42_0513,Analytics Engineer,DemoEmployer_0513,"Analytics Engineer — Python, SQL, cloud. Team builds models and data products. Req id 513.",Bangalore,IN,,211000.0,False,https://example.com/jobs/demo_42_0513,demo,f3674abc80e3b6087679277c22a30f58,True,Python|SQL,,2,2,15,0,18,1,0,1,0,0,0,0,0,0,0.0,0.0,0
demo_42_0514,ML Engineer,DemoEmployer_0514,"ML Engineer — Python, SQL, cloud. Team builds models and data products. Req id 514.",Remote,IN,,211000.0,True,https://example.com/jobs/demo_42_0514,demo,39ef7d1d1486443617f4e801a18b8dbc,True,Python|SQL,,2,2,15,0,11,1,0,1,0,0,0,0,0,0,0.0,0.0,0
demo_42_0515,Backend Engineer,DemoEmployer_0515,"Backend Engineer — Python, SQL, cloud. Team builds models and data products. Req id 515.",Singapore,IN,,212000.0,False,https://example.com/jobs/demo_42_0515,demo,f436f51c9a166279cc4cda0246f3e307,True,Python|SQL,,2,2,15,0,16,1,0,1,0,0,0,0,0,0,0.0,0.0,0
demo_42_0516,Backend Engineer,DemoEmployer_0516,"Backend Engineer — Python, SQL, cloud. Team builds models and data products. Req id 516.",Berlin,DE,,211000.0,False,https://example.com/jobs/demo_42_0516,demo,60f0368a39b80cf138d070ebfc7cdfc0,True,Python|SQL,,2,2,15,0,16,1,0,1,0,0,0,0,0,0,0.0,0.0,0
demo_42_0517,Analytics Engineer,DemoEmployer_0517,"Analytics Engineer — Python, SQL, cloud. Team builds models and data products. Req id 517.",Remote,IN,,211000.0,True,https://example.com/jobs/demo_42_0517,demo,24f633b259930c8ac3ae9be04702212d,True,Python|SQL,,2,2,15,0,18,1,0,1,0,0,0,0,0,0,0.0,0.0,0
demo_42_0518,Product Analyst,DemoEmployer_0518,"Product Analyst — Python, SQL, cloud. Team builds models and data products. Req id 518.",Remote,IN,,219000.0,True,https://example.com/jobs/demo_42_0518,demo,bea96be71748fc9033fc5757885bb348,True,Python|SQL,,2,2,15,0,15,1,0,1,0,0,0,0,0,0,0.0,0.0,0
demo_42_0519,Senior Data Scientist,DemoEmployer_0519,"Senior Data Scientist — Python, SQL, cloud. Team builds models and data products. Req id 519.",Remote,IN,,211000.0,True,https://example.com/jobs/demo_42_0519,demo,166b3226df57432e297f9caab22d6e49,True,Python|SQL,,3,2,16,0,21,1,0,1,0,0,0,0,0,0,0.0,0.0,0
demo_42_0520,Product Analyst,DemoEmployer_0520,"Product Analyst — Python, SQL, cloud. Team builds models and data products. Req id 520.",Bangalore,IN,,211000.0,False,https://example.com/jobs/demo_42_0520,demo,fb8718a4c5402470e1487b9a528bbdff,True,Python|SQL,,2,2,15,0,15,1,0,1,0,0,0,0,0,0,0.0,0.0,0
demo_42_0521,ML Engineer,DemoEmployer_0521,"ML Engineer — Python, SQL, cloud. Team builds models and data products. Req id 521.",Berlin,DE,,211000.0,False,https://example.com/jobs/demo_42_0521,demo,f6835f272bb6e850217e749e27a51f14,True,Python|SQL,,2,2,15,0,11,1,0,1,0,0,0,0,0,0,0.0,0.0,0
demo_42_0522,Analytics Engineer,DemoEmployer_0522,"Analytics Engineer — Python, SQL, cloud. Team builds models and data products. Req id 522.",Toronto,IN,,207000.0,False,https://example.com/jobs/demo_42_0522,demo,30961dbd8626144e9ae18921137a3756,True,Python|SQL,,2,2,15,0,18,1,0,1,0,0,0,0,0,0,0.0,0.0,0
demo_42_0523,Mlops Engineer,DemoEmployer_0523,"MLOps Engineer — Python, SQL, cloud. Team builds models and data products. Req id 523.",Remote,IN,,211000.0,True,https://example.com/jobs/demo_42_0523,demo,f31f81545ccedc539c195d4800068952,True,Python|SQL,,2,2,15,0,14,1,0,1,0,0,0,0,0,0,0.0,0.0,0
demo_42_0524,Backend Engineer,DemoEmployer_0524,"Backend Engineer — Python, SQL, cloud. Team builds models and data products. Req id 524.",Singapore,IN,,211000.0,False,https://example.com/jobs/demo_42_0524,demo,1a00360e9685d2fdd9d505b24e1d988c,True,Python|SQL,,2,2,15,0,16,1,0,1,0,0,0,0,0,0,0.0,0.0,0
demo_42_0525,Product Analyst,DemoEmployer_0525,"Product Analyst — Python, SQL, cloud. Team builds models and data products. Req id 525.",Bangalore,IN,,202000.0,False,https://example.com/jobs/demo_42_0525,demo,21dfb3923a74da657ac2d77baccca8d5,True,Python|SQL,,2,2,15,0,15,1,0,1,0,0,0,0,0,0,0.0,0.0,0
demo_42_0526,Backend Engineer,DemoEmployer_0526,"Backend Engineer — Python, SQL, cloud. Team builds models and data products. Req id 526.",New York,IN,,211000.0,False,https://example.com/jobs/demo_42_0526,demo,1a5e423a5fcf91374c375aae6b072af8,True,Python|SQL,,2,2,15,0,16,1,0,1,0,0,0,0,0,0,0.0,0.0,0
demo_42_0527,Backend Engineer,DemoEmployer_0527,"Backend Engineer — Python, SQL, cloud. Team builds models and data products. Req id 527.",Remote,IN,,211000.0,True,https://example.com/jobs/demo_42_0527,demo,708c98e54f27f0674603bfc3bc02172c,True,Python|SQL,,2,2,15,0,16,1,0,1,0,0,0,0,0,0,0.0,0.0,0
demo_42_0528,Analytics Engineer,DemoEmployer_0528,"Analytics Engineer — Python, SQL, cloud. Team builds models and data products. Req id 528.",Remote,IN,,211000.0,True,https://example.com/jobs/demo_42_0528,demo,7e43338f49d23e7297b57fa46f6fb057,True,Python|SQL,,2,2,15,0,18,1,0,1,0,0,0,0,0,0,0.0,0.0,0
demo_42_0529,Senior Data Scientist,DemoEmployer_0529,"Senior Data Scientist — Python, SQL, cloud. Team builds models and data products. Req id 529.",Singapore,IN,,211000.0,False,https://example.com/jobs/demo_42_0529,demo,3af86edb32236ea1b663eaa0671c9dec,True,Python|SQL,,3,2,16,0,21,1,0,1,0,0,0,0,0,0,0.0,0.0,0
demo_42_0530,Analytics Engineer,DemoEmployer_0530,"Analytics Engineer — Python, SQL, cloud. Team builds models and data products. Req id 530.",Singapore,IN,,211000.0,False,https://example.com/jobs/demo_42_0530,demo,ae43aca3472bbc258c37b9e6400e067c,True,Python|SQL,,2,2,15,0,18,1,0,1,0,0,0,0,0,0,0.0,0.0,0
demo_42_0531,Mlops Engineer,DemoEmployer_0531,"MLOps Engineer — Python, SQL, cloud. Team builds models and data products. Req id 531.",Remote,IN,,206000.0,True,https://example.com/jobs/demo_42_0531,demo,d671cce0ecbae9335a290f0fcf006807,True,Python|SQL,,2,2,15,0,14,1,0,1,0,0,0,0,0,0,0.0,0.0,0
demo_42_0532,NLP Engineer,DemoEmployer_0532,"NLP Engineer — Python, SQL, cloud. Team builds models and data products. Req id 532.",Berlin,DE,,214000.0,False,https://example.com/jobs/demo_42_0532,demo,d14bdb1b8221404733d0deb7a685d4a3,True,NLP|Python|SQL,,2,3,15,0,12,1,0,1,0,0,0,0,0,0,0.0,0.0,0
demo_42_0533,Backend Engineer,DemoEmployer_0533,"Backend Engineer — Python, SQL, cloud. Team builds models and data products. Req id 533.",Berlin,DE,,211000.0,False,https://example.com/jobs/demo_42_0533,demo,452c0ca0e0e2df2773961ac351d72777,True,Python|SQL,,2,2,15,0,16,1,0,1,0,0,0,0,0,0,0.0,0.0,0
demo_42_0534,Mlops Engineer,DemoEmployer_0534,"MLOps Engineer — Python, SQL, cloud. Team builds models and data products. Req id 534.",Remote,IN,,205000.0,True,https://example.com/jobs/demo_42_0534,demo,4fce0af4bffd523b0def1a005d848f0a,True,Python|SQL,,2,2,15,0,14,1,0,1,0,0,0,0,0,0,0.0,0.0,0
demo_42_0535,NLP Engineer,DemoEmployer_0535,"NLP Engineer — Python, SQL, cloud. Team builds models and data products. Req id 535.",Singapore,IN,,211000.0,False,https://example.com/jobs/demo_42_0535,demo,47bd228b8316215fce36b052007d3ec1,True,NLP|Python|SQL,,2,3,15,0,12,1,0,1,0,0,0,0,0,0,0.0,0.0,0
demo_42_0536,Backend Engineer,DemoEmployer_0536,"Backend Engineer — Python, SQL, cloud. Team builds models and data products. Req id 536.",Bangalore,IN,,211000.0,False,https://example.com/jobs/demo_42_0536,demo,859910a5b8ef23ccc76c233e8c89ecb1,True,Python|SQL,,2,2,15,0,16,1,0,1,0,0,0,0,0,0,0.0,0.0,0
demo_42_0537,Data Engineer,DemoEmployer_0537,"Data Engineer — Python, SQL, cloud. Team builds models and data products. Req id 537.",Berlin,DE,,211000.0,False,https://example.com/jobs/demo_42_0537,demo,3dc20538ab309fc3ecd413c946af733e,True,Python|SQL,,2,2,15,0,13,1,0,1,0,0,0,0,0,0,0.0,0.0,0
demo_42_0538,NLP Engineer,DemoEmployer_0538,"NLP Engineer — Python, SQL, cloud. Team builds models and data products. Req id 538.",Remote,IN,,211000.0,True,https://example.com/jobs/demo_42_0538,demo,3e324674cc8d824b0422eb09a8b9d631,True,NLP|Python|SQL,,2,3,15,0,12,1,0,1,0,0,0,0,0,0,0.0,0.0,0
demo_42_0539,ML Engineer,DemoEmployer_0539,"ML Engineer — Python, SQL, cloud. Team builds models and data products. Req id 539.",London,UK,,211000.0,False,https://example.com/jobs/demo_42_0539,demo,c743f75e090d44ca46c3270d53b157e4,True,Python|SQL,,2,2,15,0,11,1,0,1,0,0,0,0,0,0,0.0,0.0,0
